project_id,project,customer_id,customer,date,youtube_id
21545,Timeline,720,IAD,2019-02-05 08:39:43,zxkk2GKw71s
22342,1er,720,IAD,2019-02-20 11:39:45,FL5uuhvJqVg
22427,Cycy,720,IAD,2019-02-21 12:32:16,FufeVXBlN98
22444,Paris 13e,720,IAD,2019-02-21 15:21:49,IF1oCSG8ZMM
22448,2,720,IAD,2019-02-21 15:49:51,uFlZ9v5tZYY
22490,template réseaux sociaux,720,IAD,2019-02-22 13:55:54,up_lkP3t1yA
22519,Mlle Ledu,720,IAD,2019-02-23 14:15:07,iKWuCh_kRWM
22521,Test easy movie,720,IAD,2019-02-23 17:41:07,ZuYYrQY7Xkg
22523,2eme,720,IAD,2019-02-23 19:06:43,UEzVka26u4o
22722,Presentation,720,IAD,2019-02-27 08:45:45,eaeLWU8ZlHk
22801,Presentation julien royer,720,IAD,2019-02-28 10:15:29,cEor2kyavkU
22846,présentation,720,IAD,2019-03-01 07:11:38,rotsKfKWwKw
22856,Magny les hameaux,720,IAD,2019-03-01 10:25:04,Kj08NEAZAJA
22865,Post fv,720,IAD,2019-03-01 12:40:32,CJsh5fiD6zw
22889,Gwénaëlle Fillion Iad France Niort,720,IAD,2019-03-01 16:59:37,43TpKFVIdW8
22897,présentation des services,720,IAD,2019-03-01 21:19:31,Rhx1anlsJyw
22899,domaine proche Niort,720,IAD,2019-03-02 07:39:35,rSNvcA4HHmU
22906,Video iad presentation,720,IAD,2019-03-03 16:07:50,qheVFXxepN0
22924,présentation des services v2,720,IAD,2019-03-04 11:47:43,tjqb37oIIjY
22997,pub,720,IAD,2019-03-05 13:21:54,jA8h8M8-30A
23001,test2,720,IAD,2019-03-05 14:11:37,URrPP12jLAg
23008,vidéo3,720,IAD,2019-03-05 14:37:40,nchvlSQ1K30
23100,Presentation insta,720,IAD,2019-03-06 16:14:29,gMkDxlG_FEM
23270,camblain châtelain 126500 fermett,720,IAD,2019-03-09 17:31:46,_9gFgZGfGys
23273,Vendôme,720,IAD,2019-03-09 19:08:46,9dmbybN_6ZY
23275,Thérouldeville 4 chambres,720,IAD,2019-03-09 22:58:33,fZBt0jvTor0
23281,Agnès Gautier IAD Sucy,720,IAD,2019-03-10 17:02:40,40SaYErKe7Q
23336,Appartement Forgeron,720,IAD,2019-03-11 15:56:18,Nc70oPHjBOs
23343,Test presentation,720,IAD,2019-03-11 17:26:22,aujzn77ccNw
23556,Audrey Guilloteaux,720,IAD,2019-03-15 14:47:35,SlsP687D2KU
23655,Presentation,720,IAD,2019-03-19 08:10:38,wVO-5yJltB8
23697,20A,720,IAD,2019-03-19 15:45:02,Ts_Lv8V5L0s
23716,Motion design perso,720,IAD,2019-03-19 18:56:28,2UETz1pkpss
23719,Chrys2,720,IAD,2019-03-19 20:15:06,GC4chmkK3wA
23761,Maison 126m2 proche Sarrebourg (Brouderdorff),720,IAD,2019-03-20 16:31:19,S2b9yd1GNLU
23763,présentation iad brice benoist ezanville,720,IAD,2019-03-20 16:48:56,9cpE8G9VOBw
23765,Client 1.1,720,IAD,2019-03-20 16:52:12,taTd6thW9MM
23879,Presentation,720,IAD,2019-03-22 06:40:31,0PnwCQIW2II
23923,Maison proche Niort,720,IAD,2019-03-22 17:05:53,mz7O771ODwU
23936,A VENDRE Maison de Village à CAROMB 84330 / 380000€,720,IAD,2019-03-23 07:10:35,FjEwnJXfJS0
23944,Client 2 PVP,720,IAD,2019-03-24 11:04:50,uhJLMvpe7q4
23954,présentation,720,IAD,2019-03-25 08:46:41,pasMO_yqYno
24016,Ml3cSjBJ angybeguin,720,IAD,2019-03-25 16:35:17,2ynArwOLLsQ
24116,Vidéo présentation Aline,720,IAD,2019-03-27 08:32:04,_r_mcFt-4JQ
24154,Epineuil (89) - maison de ville,720,IAD,2019-03-27 14:01:48,v1AGv20tTas
24202,maison à Surgères,720,IAD,2019-03-28 08:12:28,7GBGf4-C8ns
24345,Maison st ger,720,IAD,2019-03-29 19:20:52,K3tPLG3j42w
24352,Vidéo de présentation,720,IAD,2019-03-30 09:06:36,WpvhEOw1mmA
24359,Maison Mme Vincente,720,IAD,2019-03-30 16:44:55,jUehHd7mwwQ
24512,Presentation courte,720,IAD,2019-04-03 07:24:17,ram2yd4ud0Y
24537,Concrétisons ensemble votre projet immobilier,720,IAD,2019-04-03 11:29:13,O-FIrjXUa6A
24588,test1,720,IAD,2019-04-04 09:53:34,VQKHY9H2UU8
24672,La rade,720,IAD,2019-04-05 09:22:02,pEgNaIGzAcU
24690,Ma pub,720,IAD,2019-04-05 12:55:39,JQlJICtmRxI
24729,Prusy,720,IAD,2019-04-06 10:52:11,Owqt8UGpsjM
24751,Maison aux adrets de l esterel,720,IAD,2019-04-08 08:50:49,bYEdXx2ALCs
24815,Assas,720,IAD,2019-04-09 09:56:23,DC2SNyVzbpw
24818,Vaudoyer,720,IAD,2019-04-09 11:12:34,7GDNUectILU
24867,gg moliets,720,IAD,2019-04-09 18:56:51,gRCNoc-5rwI
24965,Semi pp Neuve-Chapelle,720,IAD,2019-04-11 12:22:22,KdWh_u1QUtc
24995,Mélisey (89) - Maison 4 pièces.,720,IAD,2019-04-11 16:20:05,1ORixGkq9BI
25070,Maison Axe Châlons/Reims,720,IAD,2019-04-13 20:54:10,8YaBuRnex4c
25263,Ski eva,720,IAD,2019-04-16 18:40:29,8rlrWNEdN_M
25284,La Mongie,720,IAD,2019-04-17 11:21:52,cY_j5nwgNhE
25429,Maison Fagnieres,720,IAD,2019-04-19 06:24:34,8Zx-dRsQsng
25545,maison 190 m2,720,IAD,2019-04-23 19:20:56,ccCEeYeuTyU
25727,apparemment Longjumeau 1 ludo,720,IAD,2019-04-26 14:37:05,Bir8oPSovYI
25754,chauffry,720,IAD,2019-04-26 22:33:06,Ds2dOVeQ44k
25758,T3 fronval 59m2,720,IAD,2019-04-28 09:19:01,yMmVol9xq9E
25831,Athis mons,720,IAD,2019-04-30 09:15:08,5J-l5h_45Mg
25920,Projet de vente,720,IAD,2019-05-02 09:35:11,BM_F49uYHUw
26096,Maison Vitrolles,720,IAD,2019-05-07 14:48:47,CMvzw7wEAfk
26119,Vallieres ancien garage,720,IAD,2019-05-08 03:40:07,dOMZp1vt4zs
26585,F5 saint leonard,720,IAD,2019-05-18 05:26:18,nyquYQ08oQw
26811,Video estim,720,IAD,2019-05-23 08:10:12,oMfAXKAF95k
26856,Maison Livry-Gargan,720,IAD,2019-05-23 18:39:03,h_esxCnxqV0
26952,Hosmalin Kalic,720,IAD,2019-05-25 18:41:42,hmtKk9AtErg
27079,Mai 2019 test,720,IAD,2019-05-28 09:10:13,lXnfYJFhWfU
27086,Mai 2019 recrutement,720,IAD,2019-05-28 09:33:37,ogSF-xVD2ro
27155,MR CAVALERI,720,IAD,2019-05-29 08:59:19,KIELkKv1t5c
27230,BeineNauroy,720,IAD,2019-05-30 17:34:59,guDHyW0sIpc
27273,METZ WOIPPY,720,IAD,2019-05-31 16:15:46,yf53XAkN_Pw
27282,Saint Yrieix La Perche,720,IAD,2019-06-01 10:32:30,XMjaDADfHOQ
27306,Maison pierres PLEYBEN,720,IAD,2019-06-03 09:00:11,90MIyS0x21g
27405,la croisille sur briance,720,IAD,2019-06-04 10:38:11,5cQfCDk6xlI
27550,Savigny 1,720,IAD,2019-06-05 21:00:27,VkT-eYJQ00U
27573,Rejoignez l'équipe !,720,IAD,2019-06-06 12:32:28,EICgZUiGKxE
27594,Equipe,720,IAD,2019-06-06 14:03:14,CKh844hArgs
27707,Marie-Pierre Corrèze IAD France,720,IAD,2019-06-08 10:30:19,hC_Q1o6G2DQ
27735,Développement,720,IAD,2019-06-10 17:30:20,6OdoN5YXO1M
27738,maison isbergues,720,IAD,2019-06-10 19:24:03,Oh4r9z3sG20
27798,Un projet immobilier ? Pensez IAD !,720,IAD,2019-06-11 17:20:35,sXXzXQgE42A
27966,maison esquerdes 5,720,IAD,2019-06-13 16:14:09,yLeGJXidiU8
28566,Appart Alain,720,IAD,2019-06-22 22:02:18,McycPNzK5Ro
28682,Recritement,720,IAD,2019-06-24 18:32:27,FRJl6SDe7aw
28984,Ruaudin,720,IAD,2019-06-28 15:11:16,ZZlG3ONnXp4
28986,Bretigny,720,IAD,2019-06-28 15:22:46,51LB5xMxO4k
29019,Developpement,720,IAD,2019-07-01 10:24:41,30FoWY5vo-g
29067,Pavillon T6 Laventie,720,IAD,2019-07-02 06:39:34,8qm-01Qve9s
29233,Rejoindre IAD,720,IAD,2019-07-04 07:59:44,yPPUHdgIwww
29418,maison Tardif,720,IAD,2019-07-08 14:26:43,CqPTdl5txns
29625,Magny le Hongre 2 pièces,720,IAD,2019-07-12 04:29:09,SfCDVl5rcc0
29643,Wittenheim location F2 3ieme étage,720,IAD,2019-07-12 12:51:54,U7tltqE4zgI
30255,Marc,720,IAD,2019-07-25 09:59:32,gdKYxKQdwQg
30422,Développement équipe 07-2019,720,IAD,2019-07-30 11:02:13,4caVjJ2Zau8
30522,virginie,720,IAD,2019-08-01 07:11:47,O7LG-tyG_Xk
30750,apparemment 61m2 Limoges,720,IAD,2019-08-07 08:34:20,dQ9HgNthJK4
31048,Test,720,IAD,2019-08-22 01:03:09,G7s-EWYpyQk
31123,Appertement F3 Mulhouse,720,IAD,2019-08-24 15:53:38,EfYJ3PekW4M
31136,présentation de service,720,IAD,2019-08-26 08:26:41,bkdR3wNSP0k
31165,Safanjon Niort sept 2019,720,IAD,2019-08-26 20:46:58,eJntOMCzq4Q
31509,Maison Ennery 193 m2,720,IAD,2019-09-04 09:49:08,DxPA2O9GUYY
31657,Vidéo de Rentrée,720,IAD,2019-09-06 13:32:48,fdx7iEpbk78
31666,Video rentee,720,IAD,2019-09-06 14:47:48,1qrWVHH9_bY
31682,Vidéo de rentrée,720,IAD,2019-09-07 09:03:38,0y2jsJ3dM1c
31697,Xavier NATARIO-rentrée 2020,720,IAD,2019-09-09 07:43:07,nhmQKM7OHHs
31751,La rentree de vos orojets,720,IAD,2019-09-10 09:07:24,fN3w53VL3es
31783,rentrée 2019 patrick,720,IAD,2019-09-10 12:33:12,NU1lQuAZkvo
31930,Fred4,720,IAD,2019-09-12 12:20:42,rCyGZNNZjlQ
31968,Rentree 2019,720,IAD,2019-09-12 17:20:09,fnW1w47H3O8
32040,Location Aristide Briand,720,IAD,2019-09-15 19:52:56,elR-Fk_IeWk
32253,Centre ville - Maison 5 pieces de 115m2,720,IAD,2019-09-18 18:42:29,YP8altJVQNU
32419,photo,720,IAD,2019-09-21 13:28:35,7Fge4Q3XxbM
32728,Developpement Team Karma,720,IAD,2019-09-26 14:25:30,wzEsZ2v8S3s
32776,Rentrée Iad,720,IAD,2019-09-27 09:19:59,1JkE0InPWRo
32823,Jonathan Sicsic IAD - Présentation,720,IAD,2019-09-27 15:06:07,M_CpFEUKoyc
32844,presentation,720,IAD,2019-09-28 11:39:46,rJ295ntR4kk
32846,Developpement,720,IAD,2019-09-28 14:15:22,64QZkkDMV8I
32857,Vidéo de présentation Marilyn,720,IAD,2019-09-29 17:40:11,hqaw4TiwSUk
32903,Appart st Laurent,720,IAD,2019-09-30 13:53:37,8llLEqWHeL8
32955,T5 Condorcet,720,IAD,2019-10-01 09:32:25,f97zr5WhQ7s
32978,Duplex Mme Tauber,720,IAD,2019-10-01 13:59:31,9lcyVLBwvQc
32985,good motion,720,IAD,2019-10-01 14:14:22,-H1HlGWL_Rk
33038,Developpement,720,IAD,2019-10-02 05:21:10,40PRIE66U1Q
33072,Sandrine,720,IAD,2019-10-02 12:42:45,RTJx5su2UEE
33082,Developpement,720,IAD,2019-10-02 13:45:37,Rx1Tl6n8J-8
33282,développement,720,IAD,2019-10-04 16:06:11,wb5yx9isTgY
33290,Appartement 3 pièces au Cros de Cagnes,720,IAD,2019-10-04 22:08:58,sig9AzNxfWw
33524,BENOIT IAD 2019,720,IAD,2019-10-09 12:34:17,Vcey6cN_vgY
33550,St Jean de Liversay,720,IAD,2019-10-09 15:10:56,p2lXu8mA7zA
33553,Auneau Flahaut Ramos Cepeda,720,IAD,2019-10-09 16:12:59,kFZJpUwNBbA
33578,Guillaume recrutement 1,720,IAD,2019-10-10 08:28:13,FATH1Vv3CSs
33649,Poa,720,IAD,2019-10-10 18:53:21,mSqzSmUBSes
33655,présentation services,720,IAD,2019-10-11 04:02:04,izC7E6Ty-WQ
33677,presentation,720,IAD,2019-10-11 09:19:33,OoQI2QP6nfo
33739,MLM Iad France,720,IAD,2019-10-11 15:29:02,82AZKqgGNfY
34108,présentation,720,IAD,2019-10-17 16:02:40,HNIShfdallg
34127,Développement d'équipe,720,IAD,2019-10-18 08:17:48,v6DhFr3D9DA
34204,Vidéo rentrée,720,IAD,2019-10-19 10:12:59,Iu13nyu0BH0
34207,Développement d’équipe,720,IAD,2019-10-19 11:43:22,EVN2nA-cC-g
27578,Offre d’emploi,720,IAD,2019-06-06 12:46:45,_DxvIwwNcPM
24467,Mes services,720,IAD,2019-04-02 12:29:17,kraLNTkZp78
33358,Presentation oct 2019,720,IAD,2019-10-07 14:54:59,njR4Bc4j2Q8
34338,ce,720,IAD,2019-10-22 10:03:16,RhowfzyGwQ8
34411,Recrutement,720,IAD,2019-10-23 08:38:36,4b3TZbwpIG4
34769,salillas,720,IAD,2019-10-29 12:54:23,LR8uQ6VqFIE
34793,Présentation Thiabult LAVIE - IAD France,720,IAD,2019-10-29 14:57:35,CCfb_NX3ONA
34801,Martine Guillot Conseillère Immobilier,720,IAD,2019-10-29 15:59:29,EX5Qeu3Ecy8
34915,Présentation,720,IAD,2019-10-31 09:30:44,w_TiUhJguP0
34973,Appartement T2 Miramas,720,IAD,2019-10-31 18:00:02,nRJp0hp-whU
21867,Motion 3,720,IAD,2019-02-11 15:22:55,WiZpwzinplI
22157,Immo motion,720,IAD,2019-02-18 11:47:25,0AIvaWB6od4
22221,Projet 2,720,IAD,2019-02-19 08:34:08,TEtVxw4VaCU
22386,présentation vidéo kasperzec iad,720,IAD,2019-02-20 17:50:41,yyhLiZiIDkI
22420,soustons,720,IAD,2019-02-21 11:02:33,m5Agmsh1pM0
22426,Pub Marc Plisson,720,IAD,2019-02-21 12:12:14,weo0HsLsWDk
22492,Projet,720,IAD,2019-02-22 14:21:23,8DPoYhcSv9Y
22508,Présentation,720,IAD,2019-02-22 17:42:29,G3Y6WXpItcE
22518,Fusaro,720,IAD,2019-02-23 12:02:39,IGhluch0ayw
22520,601002,720,IAD,2019-02-23 16:10:00,NjGyElbIQTk
22524,Appartement,720,IAD,2019-02-23 19:27:20,0TiSWyiHzG8
22545,Mandat xxxxxx,720,IAD,2019-02-25 10:00:02,VnEILH0OYJc
22563,Fred2,720,IAD,2019-02-25 13:27:29,9hrj6fjid98
22610,video Presentation IAD,720,IAD,2019-02-26 06:36:36,04nKqaevc3Q
22671,Albrecht Neufmoutiers,720,IAD,2019-02-26 14:10:24,fbKR8GuyANU
22677,brichebay,720,IAD,2019-02-26 15:03:40,nmAYw2ZZ4ko
22687,nico,720,IAD,2019-02-26 15:55:07,YxLDV0W6MAY
22712,Arthez d'Armagnac,720,IAD,2019-02-26 21:00:20,s2QKvIvYuXA
22732,iad les adrets,720,IAD,2019-02-27 11:16:04,2vPHUSwvpns
22772,Annika TRENTI,720,IAD,2019-02-27 19:50:20,NXdcZFVIqzQ
22779,Presentation,720,IAD,2019-02-28 05:24:30,x_UGTuqdvnY
22807,Présentation,720,IAD,2019-02-28 10:54:18,XqBB2UrYf00
22844,Prospection,720,IAD,2019-03-01 02:24:58,_2tjeO8myU8
22847,Pat 1,720,IAD,2019-03-01 07:49:19,evfQ8pJ0j-o
22896,1,720,IAD,2019-03-01 20:20:54,UG-FSAWDHh0
22903,plailly,720,IAD,2019-03-02 16:52:36,Bn5yEIysPD0
22917,vidéo at,720,IAD,2019-03-04 09:05:31,b2VJW4UVQC0
22940,présentation,720,IAD,2019-03-04 14:37:59,vy4Za1TAMnI
23262,Marly,720,IAD,2019-03-08 22:08:27,sKFHS7mDTqE
23271,Vendôme,720,IAD,2019-03-09 18:43:32,3MTRVppZVfw
23394,projet 1,720,IAD,2019-03-12 15:13:56,a17dJ3NrClY
23465,Maison Hyper centre Niort,720,IAD,2019-03-13 21:33:59,g1x_3EvU3GU
23562,v3,720,IAD,2019-03-15 15:53:23,Yaeksd4X8hk
23607,presentation IAD,720,IAD,2019-03-18 10:30:32,EofgorIKnMY
23612,azur,720,IAD,2019-03-18 11:15:44,csZdlxyBq1Y
23657,présentation services,720,IAD,2019-03-19 08:16:44,kGDK6s17_SQ
23762,présentation iad brice Benoist Ezanville,720,IAD,2019-03-20 16:34:19,SY4W9W660fs
23814,Maison 5min Margaux,720,IAD,2019-03-21 12:21:20,Q02NpSBOxTY
23855,Natario xavier,720,IAD,2019-03-21 15:26:58,nTXcn8OHXzM
23876,Maison 5min Margaux,720,IAD,2019-03-21 20:38:25,B0RhMjrZ_Cw
23910,présentation services IAD,720,IAD,2019-03-22 14:17:07,MhVZ-QI1mzc
23937,Villa 5P 4 chambres St Jean de Cannes,720,IAD,2019-03-23 09:46:46,cng-SCJCTRU
22354,Video prez,720,IAD,2019-02-20 14:44:10,KjKYK-Pa1dU
22379,Montevrain F3,720,IAD,2019-02-20 16:40:29,eiVQiN12iA0
22392,scaer,720,IAD,2019-02-20 19:26:56,eu9nW_hyVHI
22395,Video facebook nath 2,720,IAD,2019-02-20 20:27:10,HHeYZRxz6e4
22419,Video presentation,720,IAD,2019-02-21 10:56:47,EAFyqAQTruQ
22446,Location bondoufle 2,720,IAD,2019-02-21 15:25:33,Cixke8xeRIQ
22510,617303,720,IAD,2019-02-22 18:59:19,8Fg69P-Avck
22558,609641,720,IAD,2019-02-25 11:48:47,BDlQ3k0K-No
22579,service iad,720,IAD,2019-02-25 15:23:22,5qdF0B04Okw
22590,présentation metier,720,IAD,2019-02-25 16:04:44,D_KIu0f-vP4
22593,Prez motion design,720,IAD,2019-02-25 16:33:08,Ck2TK5KBtAc
22600,présentation video,720,IAD,2019-02-25 17:42:35,Oo6bewX5yMQ
22643,pub IAD lio,720,IAD,2019-02-26 11:38:02,G41PxEnic6k
22737,présentation,720,IAD,2019-02-27 13:09:48,TBQcL55iJsc
22741,538517,720,IAD,2019-02-27 13:41:26,3XyvanaDltE
22760,IAD,720,IAD,2019-02-27 16:19:33,ULbL6XYWgeE
22799,Motion,720,IAD,2019-02-28 10:11:16,5qo1Rq82NdE
22848,Presentation,720,IAD,2019-03-01 07:53:14,kKSjQJKhokw
22895,nebout,720,IAD,2019-03-01 19:51:25,iAY98XCvTB4
22901,Vincennes 459 000€,720,IAD,2019-03-02 13:08:52,y0tvrXKkyIo
22920,Immo Iad Angélique Turmel,720,IAD,2019-03-04 09:57:00,2pvfEIxkB0w
22962,Mes services,720,IAD,2019-03-04 17:18:49,TKOB3BSIz94
22976,A votre service,720,IAD,2019-03-04 20:40:48,n5OJoXB5Ltk
22982,Chatillon,720,IAD,2019-03-05 09:07:33,meI-zrSmgXc
23059,Presentation metier,720,IAD,2019-03-06 11:04:49,J_w7vzrHxGo
23062,orry la,720,IAD,2019-03-06 11:28:18,yvvaWwJXxgE
23067,présentation iAd,720,IAD,2019-03-06 12:07:50,alxe6UJUMkM
23179,"Niort, maison 3 chambres",720,IAD,2019-03-07 16:53:16,nLLJh_pZH7A
23219,Nicolas Cadu iad,720,IAD,2019-03-08 11:16:09,3KQ0S0fzKc8
23227,Fauville en caux maison 4 chambres,720,IAD,2019-03-08 12:54:03,Bq4XaUNjO4s
23280,Agnès Gautier,720,IAD,2019-03-10 16:41:54,oKrIGBLd_Zc
23297,Kev,720,IAD,2019-03-11 10:07:54,xbivnWQz19s
23333,"Estérel, magnifique vue pour cette belle villa provençale avec piscine",720,IAD,2019-03-11 15:13:05,OTonZjiZHTc
23408,"vous avez un projet, contactez moi",720,IAD,2019-03-12 17:50:53,mKRqoREiWtE
23553,Murielle Joliveau Immobilier,720,IAD,2019-03-15 13:37:27,y1xUUjpxlwU
23568,Investissement Niort,720,IAD,2019-03-15 16:47:57,J-D_GBqH2DU
23575,Ile de re,720,IAD,2019-03-16 09:48:25,Uvoie6LOcS8
23579,iad,720,IAD,2019-03-17 00:29:09,DLZa7PBaSm0
23708,Recherche biens,720,IAD,2019-03-19 17:02:31,vptfhrFC_ac
23712,Montévrain Gare,720,IAD,2019-03-19 17:40:39,ZsHewSX4u6Q
23714,Maison individuelle Lisses 320.000€,720,IAD,2019-03-19 17:45:10,NsplnmDfvKg
23776,Natario mireille,720,IAD,2019-03-20 18:12:55,I6-lhaf3nVA
23811,Athis,720,IAD,2019-03-21 11:25:31,QCUlwTc-mSs
23875,presentation services iad LINDA LEMARIÉ,720,IAD,2019-03-21 19:55:23,6R2va198jvM
23878,VIAGER occupé sans rente sur Mandelieu,720,IAD,2019-03-21 21:05:37,Ks8aZMBeCPw
23920,Athis mons 56 m2,720,IAD,2019-03-22 16:22:45,56vg6EnEMng
23947,IAD France Vincennes,720,IAD,2019-03-24 21:24:33,WGyrHx6vRbg
24001,Savigny,720,IAD,2019-03-25 15:05:05,0Y0kRsBKbdw
24026,Maison Rians 149 000 €,720,IAD,2019-03-25 18:03:28,5XXDqGjplUE
24102,maison moulis,720,IAD,2019-03-26 16:58:48,J5zvMYQ9s4U
24113,présentation des services Amandine Faget,720,IAD,2019-03-27 07:02:00,6rJezNpjM8Y
24341,Richebourg 605786,720,IAD,2019-03-29 17:53:47,vxHeMbcP0WE
24347,Projet Facebook,720,IAD,2019-03-29 20:23:15,Y_InQDuq_GY
24354,Marsannay le Bois,720,IAD,2019-03-30 11:20:16,O8yUhgFp17M
24449,Présentation IAD France / Lou Hennequin,720,IAD,2019-04-02 09:05:37,rK9nnJt7MxU
24536,Arlette new,720,IAD,2019-04-03 11:29:02,x6Wq4Ml_z_0
24573,maison de ville à Niort,720,IAD,2019-04-03 19:14:16,7eIz2qMTrgs
24594,Cap horizon 2,720,IAD,2019-04-04 10:06:45,xDFquJQMXEI
24653,Carré d’or NICE,720,IAD,2019-04-04 19:59:03,9muyhOd7Ewo
24750,Maison 90m2 Bretteville du Grand Caux,720,IAD,2019-04-08 08:40:19,r6dI1AgtQuo
24799,Maison Vaires 3 pièces,720,IAD,2019-04-08 18:35:42,scYlztiVwgM
24853,Villaré,720,IAD,2019-04-09 15:25:56,dPpxVJbuwQs
24910,Nice-Etoile,720,IAD,2019-04-10 14:16:57,TelKJcMCxNg
24932,Floirac,720,IAD,2019-04-10 17:17:21,BQQMurrPYW8
24974,Ventes BDB,720,IAD,2019-04-11 12:50:41,68TjB3AHoFk
25071,tyrosse,720,IAD,2019-04-13 21:18:21,Udr6RxoXKXo
25113,Maison Livry Gargan,720,IAD,2019-04-15 12:35:05,Wa0r6PcbT-I
25121,Maison Annet sur Marne,720,IAD,2019-04-15 12:56:55,TC1Tdri39wM
25148,Cruzy-le-Châtel,720,IAD,2019-04-15 15:57:18,nlZjrSifpIY
25445,Test,720,IAD,2019-04-19 09:22:10,AoAk7RcA4yM
25469,Niort,720,IAD,2019-04-19 15:33:56,RzMjIY-6eRg
25523,Virginie Biesse Motion Design,720,IAD,2019-04-23 13:05:29,7PeRkU6BKMs
25566,Appartement luynes,720,IAD,2019-04-24 11:13:16,HrmCI8Rz0MU
25610,NICE - quartier Libération,720,IAD,2019-04-24 21:00:43,km_B9f5qV7o
25759,maison viry ludo,720,IAD,2019-04-28 11:57:27,Kzt9RccW1mQ
25803,Maison familliale Cavaillon,720,IAD,2019-04-29 14:25:15,JR-CzAH4aJk
25878,test itw,720,IAD,2019-04-30 17:33:33,CuC7i-0x-50
25893,Massy Immobilier Célia Brunet Iadfrance,720,IAD,2019-04-30 22:24:00,gQxDroTcoTQ
25999,stmasmes,720,IAD,2019-05-03 19:46:33,-cEPq_TTLFs
26016,Longère LE CLOITRE PLEYBEN,720,IAD,2019-05-06 11:58:03,JGCZkWozhiY
26028,carte de visite,720,IAD,2019-05-06 14:14:01,e0VgXH843OQ
26244,Appartement Cabries,720,IAD,2019-05-11 10:31:51,kYE2c9nhAGM
26479,Christophe Seurt Cheroy,720,IAD,2019-05-16 14:14:58,nPwiKX3qpEQ
26665,cmonprêt,720,IAD,2019-05-20 21:42:41,z1M-mdcogyc
26946,"Exclusivité iad ""Axe Châlons/Reims"".",720,IAD,2019-05-24 19:40:33,oc1aQkj_uV0
26949,Presentation des services,720,IAD,2019-05-25 15:56:23,SlKSTjGAjB8
26954,maison Mennecy,720,IAD,2019-05-26 15:23:38,QK6x8O6uG-Y
27076,Recrutement,720,IAD,2019-05-28 09:04:21,XTSkMRL-0Rk
27252,NEUFMOUTIERS EN BRIE,720,IAD,2019-05-31 10:09:21,41Nz7wlELnU
27372,Viry,720,IAD,2019-06-04 03:23:42,QUYwD7ddyb8
27389,Morangis 01,720,IAD,2019-06-04 09:00:17,eCV-4JPXEzI
27393,À VENDRE studio à Fontenay-Trésigny (77),720,IAD,2019-06-04 09:33:06,fWI5Sc0loRs
27551,Savigny 2,720,IAD,2019-06-05 21:55:10,kERzVjlJDc0
27566,Un coin de Paradis 4km Dourdan,720,IAD,2019-06-06 11:00:15,G_5r_rNWiTM
27623,Mas Lambesc,720,IAD,2019-06-07 06:37:48,lB8qiAbSz9c
27712,Saint Maurice Les Brousses,720,IAD,2019-06-08 17:06:13,w6pifdKrr0w
27721,Recrutement,720,IAD,2019-06-10 10:31:23,LooEORaox8U
27809,Double vasques,720,IAD,2019-06-12 07:09:05,BqGAYhZ7RhY
27813,Presentation femme,720,IAD,2019-06-12 07:31:31,gl_hqnN8FSk
23945,Promotion iad Nicolas,720,IAD,2019-03-24 14:16:27,FqAsOerS_WE
23989,presentation des services Delphine Juin,720,IAD,2019-03-25 13:27:33,Jl7GR_acfds
24041,seignosse,720,IAD,2019-03-26 09:07:18,TV7Id2Iv1oc
24114,présentation Aline Giacalone,720,IAD,2019-03-27 07:46:38,SNHyZOnyunA
24200,Appartement 68 m2 chateauneuf les Martigues,720,IAD,2019-03-27 20:56:40,MzVL8aV8jkg
24230,pivchar,720,IAD,2019-03-28 14:09:18,DG9-vexOYv4
24265,Aperorezo bistronomic,720,IAD,2019-03-28 22:16:08,6djoXPfGBos
24353,Champigny,720,IAD,2019-03-30 10:35:24,eS7qjsw5bAM
24363,Aurélie Geneix IAD France,720,IAD,2019-03-31 21:41:12,JKPPtuaXvdc
24441,Maison Lancon-Provence,720,IAD,2019-04-02 06:57:15,2ffePyhsuqs
24505,Visite Bien P. Marsannay Le Bois,720,IAD,2019-04-02 18:45:27,0DEjNYX0xGk
24597,vidéo présentation,720,IAD,2019-04-04 10:26:37,fpyBw_4L90o
24800,Josse Marie,720,IAD,2019-04-08 19:06:50,D-3jQxNyAuw
24922,présentation Iadfrance,720,IAD,2019-04-10 15:48:45,O8fuM0QcSuo
24971,Moi,720,IAD,2019-04-11 12:39:52,yz3pbW7nZxQ
25004,Pantin,720,IAD,2019-04-11 18:16:55,iJqN7neL8kQ
25060,motion design moi,720,IAD,2019-04-13 08:16:38,XsQQSorvpWg
25318,Prez Dassimmo,720,IAD,2019-04-17 14:27:46,y-sn4NF6Hok
25481,Bien d’exception à Châlons en Champagne.,720,IAD,2019-04-20 20:56:29,s0jBVETBEkk
25520,Entree,720,IAD,2019-04-23 12:34:06,Hnw0OE7moRk
25609,Ma presentation,720,IAD,2019-04-24 20:24:57,J2huTV_DB5s
25672,Belle maison bourgeoise,720,IAD,2019-04-25 19:13:38,IarF5T1qWgU
25753,chambre 2,720,IAD,2019-04-26 19:55:09,kOhqqH8rhzE
25756,Présentation,720,IAD,2019-04-27 09:07:47,w0oJO6W4vck
25760,carte de visite animée,720,IAD,2019-04-28 17:49:01,SeWoyui9138
26136,Secteur Prunay,720,IAD,2019-05-08 17:55:23,cZkCOjozOhY
26151,Appartement à louer sur Aix en provence,720,IAD,2019-05-09 09:02:49,j2ZfceerUSI
26360,Maison de village Centre Malaucène,720,IAD,2019-05-14 20:34:38,ESboBn3VUdA
26419,Mauguio 1,720,IAD,2019-05-15 16:34:51,o893-0D4MXk
26603,motion,720,IAD,2019-05-19 22:36:52,ZZ7t-WHx0sE
26647,VISITE LE MEE SUR SEINE RUE DE LA LYVE,720,IAD,2019-05-20 15:29:51,y7EvKZoiKLo
26792,dassimmo 77,720,IAD,2019-05-22 16:26:44,mZN7u6zeYo8
26880,Maison St Gelais,720,IAD,2019-05-24 08:59:48,mruTsLWGgts
26942,Belle contemporaine à St Gelais,720,IAD,2019-05-24 16:27:45,l5R83V_yFmw
26953,Pub2,720,IAD,2019-05-26 07:19:23,bdoN-EzhOpU
27051,Maison à rénover GOUÉZEC,720,IAD,2019-05-28 05:54:07,A_SGVX38jLo
27080,Recrutement,720,IAD,2019-05-28 09:20:16,ot4vICUwZ9I
27087,nosrezo projet,720,IAD,2019-05-28 09:55:53,j6eIcL1w_44
27281,Vitry,720,IAD,2019-06-01 06:54:04,0fg8Om3jHTg
27367,Le Taillan,720,IAD,2019-06-03 17:21:10,mH97fLGibHI
27562,carte,720,IAD,2019-06-06 09:55:59,eS7UZ9EIjvk
27565,Developpement,720,IAD,2019-06-06 10:56:42,2ToD2x4kis8
27571,Deceloppement dequipe,720,IAD,2019-06-06 11:39:21,yFmMoeSQxPA
27588,développement équipe,720,IAD,2019-06-06 13:25:25,ZZVetxE7XGA
27617,Propriete Luberon Sud,720,IAD,2019-06-06 19:49:21,O0V0bRCDEVI
27619,Recrutement,720,IAD,2019-06-06 20:29:26,aozxdrCXqwk
27621,Dev,720,IAD,2019-06-06 22:54:30,bXb-0v2tBQQ
27636,Savgny F2,720,IAD,2019-06-07 09:17:39,Smh9wB84zXM
27648,développement d'équipe,720,IAD,2019-06-07 09:44:15,4Ra8nboAp4E
27655,Developpement equipe,720,IAD,2019-06-07 10:26:04,7L28zbQBfUU
27700,Développement,720,IAD,2019-06-07 17:13:57,8icaVtbNl4c
27704,développement,720,IAD,2019-06-08 07:20:00,ZPzrE_WeoA4
27724,Dev,720,IAD,2019-06-10 13:10:14,bQrQf2DVx4I
27868,F3 - 73 m2 - Mont de Marsan,720,IAD,2019-06-12 15:28:26,AEca0y5N9yw
27921,appartement Livry,720,IAD,2019-06-13 11:20:18,F2Oj4HlOU5g
28085,Appartement Aix en Provence,720,IAD,2019-06-14 12:28:18,65mOjFih26c
28228,Appart brie,720,IAD,2019-06-18 10:47:04,8HhallH4Yus
28241,Recrutement,720,IAD,2019-06-18 13:25:01,1ITVj3CakqY
28708,Visuel conseiller secteur,720,IAD,2019-06-25 11:31:21,nLjhAwBDxUs
28989,Saint Saturnin,720,IAD,2019-06-28 17:26:46,3yIxWVjPjak
29228,JUILLET 2019,720,IAD,2019-07-03 21:29:31,ywQ_XINZLk4
29298,Test,720,IAD,2019-07-05 09:22:55,lOqYHJ-28J8
29304,Cutry,720,IAD,2019-07-05 09:50:13,UkHqgNxwe-s
29360,Libération 2.0,720,IAD,2019-07-05 16:37:27,v-r2Ho-0R-w
29371,LAVARDIN 2,720,IAD,2019-07-06 14:41:31,XF5NSiUlIf0
29667,Wittenheim location F2 RDC,720,IAD,2019-07-12 22:11:14,H9qI74-8k-E
29899,Terville,720,IAD,2019-07-17 13:40:06,NlSgq_gwEaY
30051,"Kingersheim, rare ! Appartement de standing, rez de jardin, 3 pièces",720,IAD,2019-07-21 14:23:11,aylowr9c7Kw
30243,Developpement,720,IAD,2019-07-24 20:55:11,iWgWQBcTQRc
30451,herb,720,IAD,2019-07-30 17:06:46,MaR3gU9G1vE
30479,Valanton1,720,IAD,2019-07-31 12:28:03,iX1_akGaXto
30487,Valenton 2,720,IAD,2019-07-31 13:44:13,Bl1luP9JJrw
30650,Esbly maison,720,IAD,2019-08-05 12:22:31,Ke3MON_QCao
30864,APPARTEMENT 3 PIÈCES METZ,720,IAD,2019-08-13 09:38:51,_zebRWFjLD4
30867,Presentation Activité,720,IAD,2019-08-13 10:28:13,c4WmFZT-9RQ
30914,Piat,720,IAD,2019-08-14 17:27:44,p7fE2KdPgXg
30937,Landange GAUDRY,720,IAD,2019-08-16 06:32:26,CQHPED52Guk
30942,Interview Présentation,720,IAD,2019-08-16 13:10:49,Jha9JqmoX7w
31092,Saint Maurice Les Brousses maison plein,720,IAD,2019-08-22 19:54:36,qA136bL854Y
31122,Opportunité iad France,720,IAD,2019-08-24 12:04:20,fTz3t5s4Qyw
31124,HOUDAIN,720,IAD,2019-08-25 01:18:52,Pm5G-ME9Ovk
31137,développement,720,IAD,2019-08-26 08:40:56,G1Iyh36WasI
31477,Villa exclusivité Ventabren,720,IAD,2019-09-03 14:08:29,lCHmfcFL46Q
31506,Appartement F2 Metz Nouvelle Ville,720,IAD,2019-09-04 09:07:24,5UFpxlL2iDc
31596,Visuel presentation conseiller,720,IAD,2019-09-05 12:36:30,m-6SreaZZqg
31675,Rentrée 2019,720,IAD,2019-09-06 18:57:49,D06owKgUDZE
31678,Video rentree,720,IAD,2019-09-06 20:43:05,jvaMJUQoIEc
31684,Continuons la rentrée,720,IAD,2019-09-07 10:54:13,5l5m4NOEoc4
31743,Rentrée immobilière,720,IAD,2019-09-10 05:11:26,DaEXfnLZk0g
31858,motion 2,720,IAD,2019-09-11 09:16:08,8qr1o5aReHc
31928,Fred3,720,IAD,2019-09-12 12:17:09,3DluwCvqTTY
31956,Paray 5,720,IAD,2019-09-12 14:57:58,0BpyQSQfu-g
31967,armissan,720,IAD,2019-09-12 16:51:57,oyuI4EvKABU
31973,Presentation,720,IAD,2019-09-12 17:32:16,l1G1N5kkAY0
32038,Sainte Genevieve des Bois 1,720,IAD,2019-09-15 15:50:31,Bca_Bb-Rnd8
32427,Developpement d’equipe,720,IAD,2019-09-23 07:27:59,XpKtpb9ZJeA
32442,Equipe,720,IAD,2019-09-23 09:24:13,oFNKUU6a21k
32448,vidéo de présentation,720,IAD,2019-09-23 11:09:11,BzW0bUBjMJg
32654,Appartement Crespi,720,IAD,2019-09-25 18:51:47,OEtgGznuXyg
32760,Rentrée versus Projet,720,IAD,2019-09-27 06:31:59,ErvlSV2tnRE
27824,presentation devnt,720,IAD,2019-06-12 09:22:55,l7e34OvsXBk
27873,Juvisy f1,720,IAD,2019-06-12 15:52:54,hX-6T8T91ZE
28106,Recrutement,720,IAD,2019-06-14 14:38:23,5kgeHZ4nnbM
28505,VILLA Velaux,720,IAD,2019-06-21 11:12:04,KX28iuBHmDI
28529,Francky,720,IAD,2019-06-21 14:09:14,uFLD7hOvDqI
28536,Mandelieu : l’ile ô vert,720,IAD,2019-06-21 15:07:23,bQFASFkQgOQ
28559,Ma video,720,IAD,2019-06-21 20:35:14,6e8oTxplK7I
28564,Mme Bourry,720,IAD,2019-06-22 14:29:20,h1Rs2b1F7FQ
28683,video2,720,IAD,2019-06-24 21:53:30,t06LvgQ4CkY
28887,Vente Maison PLEYBEN,720,IAD,2019-06-27 10:30:44,GgWI8hnuUEQ
28937,Centre Aire sur l'Adour-Maison 4 chbres,720,IAD,2019-06-27 18:42:42,gtdWNRQmQTQ
28982,St Sat,720,IAD,2019-06-28 14:44:11,zjDTfDkEuEA
28991,Recrutement,720,IAD,2019-06-29 10:09:45,UxYZ297hlmE
29278,Villa 170m2-Villefranche-sur-mer,720,IAD,2019-07-04 19:41:19,WEcHuKYEJ-Q
29538,Monce en Belin,720,IAD,2019-07-10 11:46:32,2q8aa22Modg
29665,"Riedisheim F3, résidence de standing, grande terrasse, garage",720,IAD,2019-07-12 17:46:39,0Reckedp36E
30047,terrain constructible 500 M2 à Change,720,IAD,2019-07-20 17:39:00,8B3GazRQOdM
30049,Cap d’antibes-appartement 2 pieces,720,IAD,2019-07-21 08:09:09,_jZnJbRy4ZM
30131,Recrutement,720,IAD,2019-07-23 11:07:23,AciZNcvvj8g
30201,Roland Offer,720,IAD,2019-07-24 10:47:35,z0g209BNJyM
30241,Presentation juillet 2019,720,IAD,2019-07-24 17:08:38,V5qXmVrzLcA
30333,Pepin,720,IAD,2019-07-27 20:10:03,StN8g-SC-9s
30678,Lebray,720,IAD,2019-08-06 05:41:45,sMTNqRD7n2A
30715,maison elnes,720,IAD,2019-08-06 12:53:34,O6g1tJLTm6g
30774,Puberg patrick,720,IAD,2019-08-07 17:29:15,cSuotdV819s
30925,Rousseau,720,IAD,2019-08-15 14:48:23,DRACy3EIu68
30954,Presentation,720,IAD,2019-08-19 09:43:32,uBynI76kOec
31015,Maison esquerdes 2,720,IAD,2019-08-21 10:48:28,ThAMYaGf12s
31313,Le vigen maison de 104 m2 rénovée,720,IAD,2019-08-29 20:02:30,86zTQiBLiSM
31332,Serignan recrute,720,IAD,2019-08-30 07:16:32,jz9JdNQGIro
31673,Rentré,720,IAD,2019-09-06 16:43:10,YmUivloS1G4
31680,Rentrée,720,IAD,2019-09-06 22:17:33,cBqGrAylYlI
31683,Rentrée 2019,720,IAD,2019-09-07 09:24:24,RsT1npXIogQ
31839,Eric Massé Iad France,720,IAD,2019-09-10 22:17:00,MgQoDVHLpjA
31871,présentation de rentrée,720,IAD,2019-09-11 11:38:07,NGHWRWSO7q0
32033,Superbe villa à Aiffres,720,IAD,2019-09-14 16:05:51,3rjdCvdiXHM
32035,Valli,720,IAD,2019-09-15 10:29:00,wJazFfUBtCY
32092,Essai Maison 5 pieces,720,IAD,2019-09-17 07:10:26,fkxGwUzmDa4
32145,Rentrée,720,IAD,2019-09-17 13:29:26,SfEdPwWHvr8
32418,video1,720,IAD,2019-09-21 13:19:55,w8ZdCLw_ufc
32430,présentation,720,IAD,2019-09-23 07:53:28,7TavFlK20JA
32444,Presentation,720,IAD,2019-09-23 09:30:50,ZOhjMSyXSEM
32661,maison Racquinghem,720,IAD,2019-09-25 21:22:26,nApuh8ljBeQ
32748,recrutement septembre 2019 AA,720,IAD,2019-09-26 17:01:34,mQdqs1ypFNQ
32850,Fred equipe,720,IAD,2019-09-29 08:15:04,5GLb_7337Lo
32913,recrutement,720,IAD,2019-09-30 15:52:02,2yVVQWQS-uk
33036,Recrutement,720,IAD,2019-10-02 05:15:36,KDWwa0W13l0
33163,GiO iad,720,IAD,2019-10-03 13:42:34,9G9WiDE07sY
33198,Appartement 4 pièces Villeneuve Loubet,720,IAD,2019-10-03 19:05:09,HdIdaYyszdc
33287,Mandataire immobilier,720,IAD,2019-10-04 19:08:11,OePhTn9VKHM
33383,2 rue du moulin Bisel,720,IAD,2019-10-07 20:41:13,jdNDizkTgo8
33393,Developpement,720,IAD,2019-10-08 07:56:51,U9dHoWV4gLw
33499,Recrutement,720,IAD,2019-10-09 09:49:35,b8N9zEjmDXo
33645,Recrutement 2,720,IAD,2019-10-10 18:10:44,_u-p1CcbZdg
33647,Recrutement 2,720,IAD,2019-10-10 18:16:50,msFZaCmo-hg
33939,appartement 50m2 mainvilliers,720,IAD,2019-10-15 19:24:39,y03nUKR6ZNE
33970,Présentation,720,IAD,2019-10-16 11:10:09,lYFlVQr8goE
33989,Recrutement,720,IAD,2019-10-16 13:38:38,QKNWBhvVc88
34154,test bureau,720,IAD,2019-10-18 09:57:57,55ZAAH7I5Os
34213,Présentation courte,720,IAD,2019-10-21 05:55:03,iWPbrhgCRn0
34559,Developpement,720,IAD,2019-10-24 15:14:29,OCdufvun1tk
34563,Maison velizy foret,720,IAD,2019-10-24 15:26:17,b78GbHljaVk
34654,Test,720,IAD,2019-10-28 09:17:34,Gr-PY0pC-p0
34754,Presentation Thibault LAVIE,720,IAD,2019-10-29 10:40:12,fyLzd541Rfk
34787,Developpement 1,720,IAD,2019-10-29 14:31:11,odpur7Yy0Mc
34796,Présentation Thibault LAVIE - IAD France,720,IAD,2019-10-29 15:09:05,vHyDWLnUif0
34816,presentation lydia courtois,720,IAD,2019-10-29 19:02:33,cYF60aCc-j4
34910,questions réponses,720,IAD,2019-10-31 09:20:18,NNwj8CPZKMo
34914,interview,720,IAD,2019-10-31 09:28:29,Ctdvgh7oG5o
34987,Vendre ou acheter,720,IAD,2019-11-02 16:07:14,Yto2MYBoxdI
34988,Sainte Ruffine,720,IAD,2019-11-03 20:58:53,NKSUJM0zn9w
22336,présentation personnelle,720,IAD,2019-02-20 11:05:39,eqmmHyR8G4M
22363,premier projet,720,IAD,2019-02-20 15:35:52,LHxu1-U6cuQ
22387,Maison Pons,720,IAD,2019-02-20 17:56:11,HPnZzEl6Qzc
22396,Emeline iad,720,IAD,2019-02-20 21:09:21,-OTClU3AMFE
22458,Villeneuve-st-Denis 195,720,IAD,2019-02-21 17:46:01,lMvj8GEIjT8
22465,vidéo présentation de service,720,IAD,2019-02-22 09:27:49,HpRQk4yceJY
22509,Carte virtuelle,720,IAD,2019-02-22 17:45:47,8AgI8xFJOC8
22511,DELANEY,720,IAD,2019-02-22 19:30:44,raXBBvBniKk
22589,rue jacoto,720,IAD,2019-02-25 16:01:05,tqZFxDE1j7E
22606,mete garem,720,IAD,2019-02-25 21:38:50,Kr1aHg01CLg
22667,Maison 110 m2 Les Adrets De l'Esterel,720,IAD,2019-02-26 14:04:15,GB52H4Ve1Rw
22707,Un projet immobilier...,720,IAD,2019-02-26 20:12:06,vl9l7CrBzJs
22733,Maison adrets de l'esterel 470 000 euros,720,IAD,2019-02-27 11:34:09,r_mAagE-CCE
22781,Mon projet,720,IAD,2019-02-28 08:41:32,NTqTbpby9U4
22862,Elodie presentation,720,IAD,2019-03-01 11:11:55,JUODEfZmmis
22900,Appartement BETHUNE,720,IAD,2019-03-02 10:37:14,AUt7xb8TKSM
22902,projet 3,720,IAD,2019-03-02 15:15:40,hn9kOX3U6zc
22921,Présentation LG,720,IAD,2019-03-04 10:13:58,yTj6yLrr5KA
22951,vidéo de présentation,720,IAD,2019-03-04 15:41:31,R-ws8SvrSU8
23037,Domaine à Saint Andre,720,IAD,2019-03-05 20:27:31,CBzp0jNme7E
23095,Presentation des services,720,IAD,2019-03-06 15:26:26,lYddTPuzgo8
23099,"2P La Napoule, 100m de la mer",720,IAD,2019-03-06 15:59:57,U8EalRJLtuc
23147,maison,720,IAD,2019-03-07 13:04:35,BAW6wnpicuo
23183,William,720,IAD,2019-03-07 17:08:43,3c2QLuq-z5s
23211,domaine à Saint Martin de hinx,720,IAD,2019-03-08 10:13:10,0Pqq3PzdrPc
23242,Motion New,720,IAD,2019-03-08 15:15:16,9o2Jf1VA6s4
23291,Appartement Gusse bis,720,IAD,2019-03-11 09:03:20,qDyNhSNY3qI
23295,présentation,720,IAD,2019-03-11 09:41:31,aLNahV4cOjg
23373,Projet immo,720,IAD,2019-03-12 12:48:53,z-6RhQQ_u5o
23398,"vous avez un projet, contactez moi",720,IAD,2019-03-12 15:35:53,NQBbPP-bLIg
23430,Maison Doux,720,IAD,2019-03-13 10:52:11,3UrmfxlIQv0
23451,2 chemin du bois sous l'église Lapugnoy,720,IAD,2019-03-13 15:11:09,M8iDefACefA
23458,Lapugnoy,720,IAD,2019-03-13 15:52:54,CrhixuvqWwg
23578,Crecy,720,IAD,2019-03-17 00:07:10,NLut5XPWDUc
23650,maison,720,IAD,2019-03-18 17:01:42,voRIGQ5Xs-4
23664,Maison Châteauneuf du Faou,720,IAD,2019-03-19 09:24:50,zoeIbLnlmeI
23711,Maison plain pied Romilly Sur Seine,720,IAD,2019-03-19 17:33:13,9szq9Z4y9kk
23929,belle longère,720,IAD,2019-03-22 17:46:10,wJ7YLm-t5iQ
23942,Roquebrune cap martin,720,IAD,2019-03-23 18:09:15,LQ29WJsmk2M
24060,Maison PLONEVEZ DU FAOU,720,IAD,2019-03-26 11:07:31,XPGBPTZIl0E
24062,Maison avec local CHATEAUNEUF DU FAOU,720,IAD,2019-03-26 11:15:20,IIgJ915dC7U
24131,Maison Tierno,720,IAD,2019-03-27 10:10:11,XUX3HCtqURM
24263,Maison de caractère.,720,IAD,2019-03-28 19:35:33,zyuaF91q59s
24355,St michel sur orge,720,IAD,2019-03-30 14:01:03,CPNCWFtFFVg
24381,Maison 204m2 proche Sarrebourg (Brouderdorff),720,IAD,2019-04-01 10:03:01,e_TDNlhmGxI
24489,vidéo vanes,720,IAD,2019-04-02 15:46:23,Jsl_GiEXgx8
24504,maison hyper centre de Niort,720,IAD,2019-04-02 17:52:32,z4vIc1mmG3c
24540,Test,720,IAD,2019-04-03 12:33:56,MwG3yq8FzuA
24549,Heloise,322,ISEG (Ionis Education Group),2019-04-03 14:25:57,vIFH7q0P52Y
24572,maison de ville à Niort,720,IAD,2019-04-03 19:00:42,xI69kOBgJ_U
24593,Cap horizon appartement rdc,720,IAD,2019-04-04 10:03:49,QWzvhY160BE
24609,Carole FOURNET immobilier - IAD,720,IAD,2019-04-04 13:03:27,TKjH-VcaA3Y
24658,Clairefontaine,720,IAD,2019-04-04 22:02:03,_V73jltXUh8
24732,Video 1,720,IAD,2019-04-07 09:44:33,RAkLcr-8Vvo
24747,pub iad,720,IAD,2019-04-08 08:06:25,COdY-Wnulbk
24901,Nice Ouest-5 pieces de 82m2 + terrasse vue mer,720,IAD,2019-04-10 13:25:44,qFLezT_ctD8
24905,Essai,720,IAD,2019-04-10 13:43:34,hBX5L4RPJl4
24930,Quincerot (89) - Maison 4/5 pièces.,720,IAD,2019-04-10 16:13:05,sME4vD3NIX8
25028,Maison type 7,720,IAD,2019-04-12 10:47:12,2ioGbzwxxdY
25081,Appartement type 4 - saint Remi-barbatre,720,IAD,2019-04-14 02:47:37,PZrouCtZpdc
25084,Sèvres Hermès,720,IAD,2019-04-14 17:57:03,D8x8MPQ6Osw
25095,vidéo iAD,720,IAD,2019-04-15 09:22:14,l7lBEfqh9xM
25460,Vidéo présentation IAD,720,IAD,2019-04-19 11:09:43,jfGhpx8pVHI
25608,Inter d’Eloise,720,IAD,2019-04-24 19:39:41,Shffa3C4S0Y
25675,azur 2,720,IAD,2019-04-25 20:14:48,JqSaUWlYxkU
25757,Maison Suippes,720,IAD,2019-04-27 11:00:57,-YygIv9AtTI
25794,Appartement Vitrolles,720,IAD,2019-04-29 13:01:52,Q-42vJJrKlk
25822,Clos St Georges,720,IAD,2019-04-30 07:55:14,UTyuxdZhxW4
25843,Client viry 3,720,IAD,2019-04-30 11:08:45,PPhUJGPNJFc
25892,présentation Célia Brunet Massy immobili,720,IAD,2019-04-30 21:56:55,vjZ-VD0SdGc
25949,La couture. Cachet et volume,720,IAD,2019-05-02 16:43:45,_wodURQOM94
25996,présentation Iad France,720,IAD,2019-05-03 15:17:46,g9aJTwnZRoM
26001,Mont lampas,720,IAD,2019-05-05 19:45:44,-J5EMhvbhyM
26158,Cuinchy volumes importants,720,IAD,2019-05-09 10:42:14,3IrE3tcE5go
26300,Maison Plain-Pied,720,IAD,2019-05-13 21:43:02,8MTg6KiTy5A
26353,Pole de formation IAD Creutzwald,720,IAD,2019-05-14 16:31:41,Qb3ojWJiATs
26589,Projet 2,720,IAD,2019-05-18 11:43:26,gXZ8FVo_pIw
26602,20 mai,720,IAD,2019-05-19 22:10:08,ZbbnstcDI-g
26728,Local d’Activité 280m2. ZA Venasque Belle Croix 359500€,720,IAD,2019-05-21 15:49:00,Xu35TvTKYBk
26797,Maison proche La Rochelle,720,IAD,2019-05-22 18:04:23,dhswvpGPIiM
26843,Maison cavaillon 125m2,720,IAD,2019-05-23 15:07:07,vZbQAMbKNUM
26861,Présentation de services,720,IAD,2019-05-23 21:27:17,hizLmmtVl2g
27135,serilhac,720,IAD,2019-05-28 20:57:25,3AaN-E9kTAg
27270,657059,720,IAD,2019-05-31 14:50:32,liQRnLMAkHQ
27286,Pub,720,IAD,2019-06-02 10:26:24,nPJNM9bO4wM
27328,Delphine,720,IAD,2019-06-03 12:27:04,N3tXioOwO4k
27611,T2 Marseille Jarret,720,IAD,2019-06-06 16:53:53,y7lVON3Nmp0
27788,recrutement,720,IAD,2019-06-11 15:16:22,jYIKvNvUEYc
27839,laure,720,IAD,2019-06-12 10:35:20,uD2q27UAcVs
27903,présentation,720,IAD,2019-06-13 09:44:52,6Q7jjhwioQQ
28294,aire sur l'adour,720,IAD,2019-06-19 07:04:49,Td49W2QQE9I
28351,AVENSAN,720,IAD,2019-06-19 12:50:25,QXc-oX2273c
28456,Développement d’equipe,720,IAD,2019-06-20 15:10:40,aFhKyv7jOX0
28620,partenariat Elisa Vie,720,IAD,2019-06-24 11:21:09,Z81MXCTIvqM
28709,Visuel recrutement,720,IAD,2019-06-25 11:36:29,y5q1P0gh_Zk
28988,Libération,720,IAD,2019-06-28 16:17:37,vEF746kOGXI
29099,Présentation Activités,720,IAD,2019-07-02 12:22:38,X57Ae50pJ6A
29113,Pfr clermont,720,IAD,2019-07-02 13:52:30,ZS7HufFfgLs
29310,"Celine Canteri, Conseillere en Immobilier",720,IAD,2019-07-05 10:09:47,9e92lHGrqvs
29366,Michel Lasserre,720,IAD,2019-07-06 08:30:33,0t6haZ1W_Gw
29384,Ammari,720,IAD,2019-07-08 09:28:39,WXG9beySCQ0
29438,Paris 12,720,IAD,2019-07-08 16:17:23,tRSUiBggVUw
30046,terrain constructible de 800 m2,720,IAD,2019-07-20 13:16:09,DT_adoEwEig
30048,terrain constructible à Change,720,IAD,2019-07-20 17:56:48,rNdjy2bC-Bg
30050,Roquebilière-magnifique villa familiale,720,IAD,2019-07-21 08:38:40,uj6699t_s_Y
30174,Xavier NATARIO,720,IAD,2019-07-23 20:47:16,D_DcAkvWjGw
30289,recrutement,720,IAD,2019-07-26 07:41:27,_Po51X1X7r0
30729,recrutement,720,IAD,2019-08-06 15:01:24,44sqolETXDY
30872,recrutement,720,IAD,2019-08-13 12:58:08,m_EImXbqLWs
30945,Appartement Metz F4,720,IAD,2019-08-16 14:20:14,OcufvcYZS2k
30971,maison 73 m2 Lamongerie,720,IAD,2019-08-19 21:01:57,2ykhNJgQO9Q
31628,Julien Couchot,720,IAD,2019-09-05 22:16:34,hHLG6BrMHyw
31665,développement équipe guillaume,720,IAD,2019-09-06 14:43:13,-BCyDMMxjgw
31671,Rentrée Virginie,720,IAD,2019-09-06 15:33:41,ABI3OX4zT-U
31674,Pub rentrée,720,IAD,2019-09-06 17:19:42,7sxRegTcuaU
31679,Développement d’équipe,720,IAD,2019-09-06 22:10:43,Hy1e2Z2WOpQ
31685,Recrutement immobilier Iad France Nicolas Guenand,720,IAD,2019-09-07 14:53:54,Y3vkH1dBtKg
31688,rentrée guillaume Roque,720,IAD,2019-09-08 12:09:14,7ZJDeQPPEbM
31742,Developpement motion design,720,IAD,2019-09-10 05:05:19,OUJnqMj6yNo
31753,La rentrée de vos projets,720,IAD,2019-09-10 09:14:09,47faf4ylJf0
31759,présentation,720,IAD,2019-09-10 09:55:40,ad3K-FvhRNs
31774,saubusse,720,IAD,2019-09-10 11:42:26,jGCZLiCvbMQ
31778,Près Rentrée,720,IAD,2019-09-10 12:07:37,yhHqGKYp7F4
31802,POA,720,IAD,2019-09-10 13:36:18,EngJtFkZwc4
31970,Recrutement  rentree 2019,720,IAD,2019-09-12 17:25:50,ND0Zl8b0Nso
32012,maison d architecte à Niort,720,IAD,2019-09-13 13:37:39,cF4EWWgKk4c
32036,"#teampépite",720,IAD,2019-09-15 14:26:16,3q4kodvtj1g
32039,Devenir conseiller Immobilier iAd,720,IAD,2019-09-15 19:16:19,DAujP_P5tx4
32437,Projet test,720,IAD,2019-09-23 09:15:49,ibB1Wpg1Lyo
32446,Commercial,720,IAD,2019-09-23 09:36:49,xwb51Gtruu4
32468,Fred 2,720,IAD,2019-09-23 13:44:52,OSp27VnUg1c
32611,test,720,IAD,2019-09-25 11:13:16,JE-nrb5qVII
32747,recrutement septembre 2019 AA,720,IAD,2019-09-26 16:47:03,iMin0k80hmA
32848,Boissy Saint Leger 1,720,IAD,2019-09-28 15:02:00,oNlwbL9awuw
32854,Présentation,720,IAD,2019-09-29 17:07:01,8_pS0ymuz7o
32858,Présentation agence,720,IAD,2019-09-29 20:46:05,1aVIIQnevAM
32860,Maison maraichine Coulon,720,IAD,2019-09-30 06:34:54,s2NWaoyX5NE
33037,Recherche biens,720,IAD,2019-10-02 05:18:20,m3FzlwZq8bk
33040,Test conseiller,720,IAD,2019-10-02 07:16:39,LjCMKYVrb3s
33106,Villeneuve Saint Denis maison,720,IAD,2019-10-02 16:57:03,N9VtilBGszc
33167,Présentation,720,IAD,2019-10-03 14:16:12,e0p9EmhGx7I
33231,Presentation services IAD,720,IAD,2019-10-04 09:22:53,4PaOaH0EMjI
33281,maison plain pied 4 chambres,720,IAD,2019-10-04 15:50:17,dw7nJ3YmJ_w
33286,Presentation IAD,720,IAD,2019-10-04 18:24:38,eYv_rIyb4Ns
33326,Vidéo de présentation,720,IAD,2019-10-07 10:23:23,tDzqk5MQCpg
33360,Recru oct 2019,720,IAD,2019-10-07 15:04:58,t6Tk3R5Zo5I
33459,Bouhet,720,IAD,2019-10-08 15:12:50,zMOJqUSt7fs
33498,Iad first,720,IAD,2019-10-09 09:45:12,5k3koOlDKTg
33651,Vidéo présentation,720,IAD,2019-10-10 19:15:46,2GDjBnuR_MA
33656,essai 1,720,IAD,2019-10-11 04:34:15,IbiCVMx7t20
33678,rentré,720,IAD,2019-10-11 09:38:59,LaTQFj0l7YU
33727,maison 120 000E Luzancy,720,IAD,2019-10-11 14:35:39,91wG89yoIj4
33922,Recrutement,720,IAD,2019-10-15 14:56:42,hYgcz-CNLVY
33928,Presentation Julien LORENTE IMMOBILIER,720,IAD,2019-10-15 16:06:39,GhF12I_g1EQ
33932,Recrutement Immobilier - Julien LORENTE,720,IAD,2019-10-15 16:48:42,kNMVLQTg5Hg
33969,représentation,720,IAD,2019-10-16 10:59:32,IueG4MxPxUU
34121,Presentation,720,IAD,2019-10-18 02:08:43,DStuRosWvMM
34122,Projet D.,720,IAD,2019-10-18 02:23:56,ysSAKB_Uc38
34123,Presentation generale,720,IAD,2019-10-18 02:38:45,jgp6BD3EH0k
34198,Video presententation1,720,IAD,2019-10-18 17:48:23,g_NL94yuuQM
34200,Appartement Auneau 55m2,720,IAD,2019-10-18 18:11:27,jxHBS_eKPPk
34205,Developpement d’equipe,720,IAD,2019-10-19 10:29:12,21p1XZcZiac
34206,Présentation,720,IAD,2019-10-19 11:34:44,oMxOVbZxaTE
28165,Un projet,720,IAD,2019-06-17 11:23:18,XXEgi9-_otQ
33564,564372,720,IAD,2019-10-09 23:15:44,jFTn8bSu7cI
22528,Demoly,720,IAD,2019-02-24 16:14:58,7e9SewtXwho
34522,T2 centre ville,720,IAD,2019-10-24 09:41:12,lqxnC89u43E
34529,près,720,IAD,2019-10-24 10:20:25,8-SeXjiPN1U
34606,Sainte soulle,720,IAD,2019-10-25 13:10:34,7CLYIZF0Vdg
34651,Appartement F2 49 m2 Maintenon,720,IAD,2019-10-27 16:51:22,A4bcRZfRgRw
34766,La Mongie 1 IAD FRANCE,720,IAD,2019-10-29 12:05:10,Qc7d19RKFVs
34986,Jonathan Schiappa iad France - F2 44m2 METZ SABLON,720,IAD,2019-11-02 16:02:37,pFaB6LJEzps
34977,Chatou,720,IAD,2019-10-31 21:24:13,CXroJ4xSeM8
35067,Studio port la Nouvelle,720,IAD,2019-11-04 20:08:55,ame4TPxQRZE
35068,1,720,IAD,2019-11-04 21:01:55,5WTOGEQdqvc
9585,Les conseils vidéo de Robert #1,68,EasyMovie,2018-02-09 17:17:19,eSvyiK_Pgx4
11484,3 Questions à Caroline Honnorat,320,ISG Programme Business & Management (Ionis Education Group),2018-04-26 14:59:15,FrwXz7McatQ
12992,Benedicte Auvinet,331,Sup'Biotech (Ionis Education Group),2019-07-17 12:46:41,CaJaKcDA8L4
18672,"Customer stories: Unilever Portugal, the perfect store execution mindset",590,Planorama,2018-12-04 17:25:02,xT4AoXHUHH8
19113,"WePlay : un tournoi de Mario Kart à SUP'Internet ! Par Damien, vainqueur du tournoi.",334,SUP'Internet (Ionis Education Group),2018-12-03 12:43:07,WPV3uMBLJLQ
19633,"Les SUP'Awards par Marion Legros, directrice de SUP'Internet",334,SUP'Internet (Ionis Education Group),2018-12-07 11:35:43,kSZV_ZUqhYQ
20886,Intégrer l'ESME Sudria après le concours CPGE EPITA / IPSA / ESME,329,ESME Sudria (Ionis Education Group),2019-01-21 16:45:18,fv4gLBMKEzw
20989,"4 questions à Louis Lacoste (ISG Promo 2015), compositeur Freelance",319,ISG (Ionis Education Group),2019-01-22 16:27:57,rznWzOJBDak
21112,"5 Questions à Régis Hourdouillie, Directeur Monde des partenariats IoT, Ericsson",319,ISG (Ionis Education Group),2019-01-24 11:29:36,EtlQ2pce2QA
22133,"4 Questions à Christine Deviers-Joncour, écrivain",319,ISG (Ionis Education Group),2019-02-18 10:11:23,I_i7NrXtPuc
23305,vidéo promotionnel travaux d'étudiants e-artsup montpellier,332,e-artsup (Ionis Education Group),2019-03-22 11:00:47,3i5m9j6XKhU
23625,"6 questions à Cédric Segal (Star Beverage, Fabulous Brands), Entrepreneur",319,ISG (Ionis Education Group),2019-03-18 14:35:47,bdseD1_KrN4
24881,"OPEN ISEG X - Projet ""Super Hér'eau""",322,ISEG (Ionis Education Group),2019-04-10 12:16:00,Yuh2zzrNMqU
24897,"Retour sur le projet pédagogique national :  ""BREXIT – DEAL, NO DEAL ?""",320,ISG Programme Business & Management (Ionis Education Group),2019-04-10 15:33:44,wZxC2rJzNaM
25775,Open ISEG X - Projet 7 Magzine,322,ISEG (Ionis Education Group),2019-05-02 07:38:57,dCR5_E56_zY
28751,INTERVIEW IMMERSION ALTERNANCE,333,Ionis-STM (Ionis Education Group),2019-06-26 10:53:45,qV2xXsCyR20
31723,"3 conseils de Murielle Frambourt, intervenante à l'ISEG en stratégie de communication, créativité et saga des marques",322,ISEG (Ionis Education Group),2019-09-09 14:51:06,f87PCZo5BrI
30712,3 questions à Pauline Bernard,320,ISG Programme Business & Management (Ionis Education Group),2019-08-06 12:35:03,5yxRcWY3hx0
10238,IKO,543,EasyMovie - Charte Pop,2018-03-07 14:12:51,f4AfAzoAClw
13801,Une Semaine Rush à SUP'Internet,334,SUP'Internet (Ionis Education Group),2018-07-20 13:50:44,cpdgayejj4o
17858,Le Parcours Libre Technologique : former les talents de demain aux nouvelles technologies,320,ISG Programme Business & Management (Ionis Education Group),2018-10-30 15:16:30,PKmcGlz-Cag
20398,Conférence : Nicolas Bordas - influencer les influenceurs,320,ISG Programme Business & Management (Ionis Education Group),2019-01-21 13:44:27,53D6jUjaQEI
20567,Le forum recrutement de l'ISG,319,ISG (Ionis Education Group),2019-01-10 09:11:43,ec6FgFcFOOQ
21295,Une journée portes ouvertes à l'ISG Bordeaux,320,ISG Programme Business & Management (Ionis Education Group),2019-01-29 16:10:25,KV1ks54YRY0
21937,"""De la réalité aux rêves"" Rencontre avec Gwendal Peizerat",322,ISEG (Ionis Education Group),2019-02-20 13:17:26,__XmElrRPgA
22451,"3 questions à Carlos et Raphaël, étudiants en 3e année sur le Parcours Open Track",320,ISG Programme Business & Management (Ionis Education Group),2019-02-22 10:30:40,xZX67DnO6L4
22935,PlanoManager demo video - ES,590,Planorama,2019-03-06 14:27:34,xWylQGo25RU
22999,4 Questions à Silja Dos Reis (ISG Promo 2016) Patineuse au Cirque du Soleil,319,ISG (Ionis Education Group),2019-03-05 14:31:42,oxcVK-fITB0
32849,Presentation,720,IAD,2019-09-28 21:51:53,yggQHnkOsa8
32855,Reprise,720,IAD,2019-09-29 17:26:03,euI8ddT69sQ
32928,Maison 167m2 7 pièces terrain de 1246m2,720,IAD,2019-09-30 19:50:19,tBHBWgzylEA
32932,Sandie Benitez Conseillère en Immobilier,720,IAD,2019-09-30 21:10:43,5cNnK-57Xv8
32982,Presentation 1,720,IAD,2019-10-01 14:05:55,2f-VvQWwku8
33103,Pontault-Combault bouquets,720,IAD,2019-10-02 16:29:53,vXpuYsOvslE
33109,Rentree,720,IAD,2019-10-02 17:31:06,cKYLrKU07qs
33280,présentation,720,IAD,2019-10-04 15:49:14,lOyTxfSjqCY
33289,Mandataire immobilier IAD France,720,IAD,2019-10-04 20:15:50,mcKtLufQIy0
33293,Recherche biens,720,IAD,2019-10-05 17:56:48,DIvrI-kkKF0
33297,présentation 2,720,IAD,2019-10-06 13:19:14,iQ1Xp2KUa1U
33414,Developpement equipe velizy et environs,720,IAD,2019-10-08 11:18:22,rBRyAcE90s0
33463,présentation,720,IAD,2019-10-08 15:32:10,PYBH-vI4_2Y
33507,Votre conseiller en immobilier privilégié,720,IAD,2019-10-09 10:16:19,Yw2Dusm2OGE
33738,Fabien Savonne Iad France,720,IAD,2019-10-11 15:24:07,tg75O4uW7pU
33761,développement presentation,720,IAD,2019-10-11 16:48:30,l0NrNDCdMeE
33776,Maison sur Allonnes de 96m2 avec terrain,720,IAD,2019-10-12 16:32:51,HkDkBrbAvWU
33817,présentation conseillers,720,IAD,2019-10-14 13:45:49,t6Ie6ANI5PY
33841,appartement type 3 narbonne,720,IAD,2019-10-14 19:54:35,2gnHxa6GPTw
33941,Fleury,720,IAD,2019-10-15 21:22:38,E2mTgl9_d1Q
33955,Cachan 1,720,IAD,2019-10-16 08:46:58,DxTT1lxQaDA
34149,Maison test,720,IAD,2019-10-18 09:42:32,5KvtQhmcS2A
34210,Rue Scheffer 75016 Paris,720,IAD,2019-10-20 18:33:51,BecUW7-jjcY
34315,Recrutement homme,720,IAD,2019-10-22 08:09:34,SSUwknU4jTM
34397,poa garçons,720,IAD,2019-10-22 17:26:19,Tciw1eWl3PM
34414,présentation Cédric Duclos I@D France,720,IAD,2019-10-23 08:45:59,__em8L0N5Tg
31652,Rentree,720,IAD,2019-09-06 12:38:20,HwzNTKZP-4I
34652,Recherche bien,720,IAD,2019-10-28 08:22:33,JjKaPKpzrH0
34683,Présentation des services Stéphanie Gagelin IAD,720,IAD,2019-10-28 12:51:39,_QdilEd0-Kw
34756,Appartement Allauch,720,IAD,2019-10-29 10:48:50,QqFNpQ0KSpE
34799,Recrutement Thibault LAVIE - IAD France,720,IAD,2019-10-29 15:26:23,gNrCODY2ORQ
34853,argentiere,720,IAD,2019-10-30 13:08:32,tZv9RWxhGCs
34881,Présentation,720,IAD,2019-10-30 16:33:48,l-czD6SqCj4
34913,Visite standard,720,IAD,2019-10-31 09:24:50,M1BzpFtbjGY
34919,local commercial,720,IAD,2019-10-31 09:49:16,b3o-lUuyzso
35021,com réseaux sociaux Ludo,720,IAD,2019-11-04 12:38:17,1n6IFj8ocKI
35066,présentation,720,IAD,2019-11-04 17:59:51,KbkKsZGrtFU
35154,projet2,720,IAD,2019-11-05 14:59:16,CdgvgAY3MZI
11057,3 questions aux finalistes du Challenge Décathlon,320,ISG Programme Business & Management (Ionis Education Group),2018-05-02 13:39:43,RgkUYLfA7Rc
13144,"Rencontrez Eurielle, Content Manager !",543,EasyMovie - Charte Pop,2018-06-25 15:23:49,h9q2xf46ZsI
13581,3 questions à l'agence Digital Passengers,320,ISG Programme Business & Management (Ionis Education Group),2018-07-12 12:09:03,pv2yZ1_0nWk
16269,"Interview - Sébastien Liébus, fondateur du magazine satirique Le Gorafi",334,SUP'Internet (Ionis Education Group),2018-09-17 15:11:39,oLqn7Fchvgo
16647,Workshop A/B Testing avec AB Tasty,334,SUP'Internet (Ionis Education Group),2018-10-01 16:18:35,1g_Q4X4I5js
20665,"Testimonial by Firas Rhaiem, class of 2019",319,ISG (Ionis Education Group),2019-01-14 10:24:55,JMO9qF5JEvE
20736,"Testimonial of Oscar Souilé, ISG class of 2016",319,ISG (Ionis Education Group),2019-01-15 14:41:50,BBUEowrXCFs
21517,Clara Koscielniak - Interaction Designer,334,SUP'Internet (Ionis Education Group),2019-02-04 14:54:11,3T_awuKbbsQ
22066,"4 QUESTIONS À PHILIPPE KANONY - Directeur Application & Infrastructure Services, OPEN",319,ISG (Ionis Education Group),2019-02-15 12:38:28,VJqbNNIPKG0
23002,PlanoManager demo video - PT,590,Planorama,2019-03-06 14:27:40,1VljRDINAZ8
23007,"5 Questions à Emmanuel Coblence, Directeur de la recherche à l'ISG",319,ISG (Ionis Education Group),2019-03-05 14:50:35,s8lkYmDmah0
24583,"3 questions à Matthieu Combet, Directeur Adjoint de l'Observatoire du Brexit",320,ISG Programme Business & Management (Ionis Education Group),2019-04-05 13:03:28,ITnfTdjd6N8
24663,OPEN ISEG X - Camion du Bien,322,ISEG (Ionis Education Group),2019-04-29 10:17:12,hdCl349pZ38
24665,OPEN ISEG X - Projet SBook,322,ISEG (Ionis Education Group),2019-04-10 14:45:41,LG4gltsQRM4
25830,OPEN ISEG X - Projet Timit,322,ISEG (Ionis Education Group),2019-04-30 09:50:33,5BRhZtoWR-M
27266,Project Week 2019,322,ISEG (Ionis Education Group),2019-06-03 07:59:28,Isw_OBsQXHw
31236,"Interview Clémence Chevalier, en stage 1ère année chez Idix",334,SUP'Internet (Ionis Education Group),2019-08-28 14:14:32,ESn0qWd_kMY
31252,"Clément Tardiveau (promo 2021), en stage à l'Assemblée nationale",333,Ionis-STM (Ionis Education Group),2019-08-29 10:53:04,PR8Ne6EzVdM
31720,"3 conseils de Jean-Noël Rebora, intervenant à l'ISEG en marketing et communication en situation interculturelle",322,ISEG (Ionis Education Group),2019-09-09 14:42:04,tuJGOgIvbfc
31717,"3 conseils d'Éric Lebrette, intervenant à l'ISEG en leadership et management",322,ISEG (Ionis Education Group),2019-09-09 14:04:35,n8amxbqKVtE
13465,"Titre 1 : ""Pourquoi Roche utilise EasyMovie"" Titre 2 : ""Avec Jean-Baptiste Lacroix"" (en minuscules)",68,EasyMovie,2018-07-10 08:30:20,H3a7LvGFsD0
16504,Super vidéo,153, testeasymovie,2018-09-24 11:41:11,C2aPwFobYgI
16769,"L'IA au service de l'art et de la culture par Laura Sibony, coordinatrice du Lab Google Arts & Culture et marraine de la promo 2019",334,SUP'Internet (Ionis Education Group),2018-10-03 10:25:31,Cq7CE3GaIQM
18242,Vidéo Hub,336,Epitech (Ionis Education Group),2018-11-12 18:03:11,ONuKLTyNg5s
20058,La rentrée décalée à l'ISG Programme Business & Management,320,ISG Programme Business & Management (Ionis Education Group),2018-12-17 15:11:39,-oTyrXfMEcY
20639,Parcours libres marketing : que choisir ?,320,ISG Programme Business & Management (Ionis Education Group),2019-01-11 15:26:02,X-1wfr9O338
21101,"4 Questions à Mauricio Del Puerto (ISG Promo 1996), Responsable International Communication des Marques, Groupe Brandt",319,ISG (Ionis Education Group),2019-01-24 11:29:00,A1ZNmjQMWow
25288,"Retour sur la conférence de Christopher Patte, Athlète de Pentathlon Moderne",320,ISG Programme Business & Management (Ionis Education Group),2019-04-17 12:21:40,TX4veovW210
25698,"Florence Delsaux (ISG PROMO 1994) Présidente, ISG Alumni",319,ISG (Ionis Education Group),2019-04-26 11:41:51,ajbjxWdcnsc
25790,OPEN ISEG X - EDOVINO,322,ISEG (Ionis Education Group),2019-04-29 13:46:40,nAIsmpzQUps
25800,OPEN ISEG X - Projet Mao,322,ISEG (Ionis Education Group),2019-04-29 14:19:26,amxb7d6L1xc
25821,OPEN ISEG X - Projet Récit,322,ISEG (Ionis Education Group),2019-04-30 09:11:57,DPgV1BEKN7I
29892,"Project Week 2019 - ""Les formats publicitaires vidéo de demain"" avec France Télévisions Publicité",322,ISEG (Ionis Education Group),2019-07-17 12:49:34,qtSuSV3HQGI
31868,C'est la rentrée à l'ISG : découvrez les nouveautés !,319,ISG (Ionis Education Group),2019-09-11 13:11:23,ViUpxUcbBMA
23094,"Témoignage de Alyzée Joy Montana (ISG promo 2015) , Cruise Tester, Sailsquare",319,ISG (Ionis Education Group),2019-03-06 15:17:12,4gbQtenBV80
23669,4 questions à Edmond de la Panouse (Parc de Thoiry),373,ISG International BS (Ionis Education Group),2019-03-19 10:41:37,VbdoVTeilSA
24808,"#23733 ITW d'Aviva Kerchenbaum: Responsable de la direction artistique FISE EXPERIENCE",332,e-artsup (Ionis Education Group),2019-04-09 08:06:33,zgRy0FdbNbs
24896,"OPEN ISEG X - Projet ""Loys & Hammer""",322,ISEG (Ionis Education Group),2019-04-10 12:46:23,bMor_KK3LVM
29894,Project Week 2019 - ISEG - eartsup - Epitech - France Télévisions Publicité,322,ISEG (Ionis Education Group),2019-07-17 12:51:27,PQjcMQ1wzxg
31300,Benoit Paget (ISG promo 1994) CEO chez GreenBig & Canibal,319,ISG (Ionis Education Group),2019-08-29 15:38:53,hfHd42RYgQo
31725,"3 conseils de Nicolas Guillermou, intervenant à l'ISEG en semaines événements",322,ISEG (Ionis Education Group),2019-09-09 14:58:46,xETt7wclG2g
,,182,,,hkMhqj4bvS0
,,182,,,16vgFzVIDFE
,,528,,,ylimUcBR0pA
,,543,,,-Oy0-wFaKcc
,,543,,,FzTjTj7MIlY
,,543,,,s4gTXsJLJvU
,,720,,,HqnEs-bmGQs
,,543,,,BijOxql7PV8
,,543,,,-QV3cvkio24
,,543,,,xHILcLINMJc
,,731,,,j72TWSZd5oo
,,543,,,fcHQ60EkUIM
,,974,,,SUloTClUGlM
,,974,,,B2GT9BqNcX8
,,974,,,UtaSpyMlJWY
,,974,,,wiYWTY6zQeA
,,974,,,pkVAY1AexjA
,,68,,,ysJWe8p5Kz8
,,543,,,pfOlB9SAxHo
,,543,,,UCXxThv00BY
,,543,,,YZmA96IqN5E
,,543,,,D7oAyktPRlk
,,543,,,H5803KMz_gE
,,638,,,iEEUSEttBKg
,,543,,,SpCseL8XAMY
,,68,,,YxPMBlHLGM8
,,543,,,5RIs6fZ11gA
,,543,,,q1gBZEpxvq4
,,543,,,krkb7j_2gRo
,,731,,,O6Fpxtv54Rs
,,543,,,w3QRP1Iyu_M
,,543,,,p_vjMS-rKFo
,,543,,,n3N0Oe8d4RA
,,974,,,crxm2gzwPNk
,,320,,,Lsk-KZlaF3w
,,182,,,qi8XA9kVDVc
,,543,,,qWtzCI_Z2wA
,,543,,,mullTBe3XvU
,,543,,,oy4zYFsg0iA
,,543,,,uR9Ny-MadKI
,,543,,,9K1vQ_Eir60
,,543,,,KdBx7Cv2IUY
,,687,,,Un63Q5DIgNg
,,543,,,zCDpwYkqlH4
,,543,,,NKtiKbeu1yk
,,543,,,qQvVAvS5ViI
,,738,,,FSo7VAyJnX4
,,543,,,TTxY4zcCoEI
,,974,,,0su69S-XPgA
,,974,,,5XOGkp2ZCZc
,,974,,,ImX3SdVQ-iU
,,974,,,YSJzhYJ7tHM
,,974,,,GjhbfW0TNVE
,,543,,,ZXtM_083cn0
,,974,,,wJyS-ZgrLSU
,,68,,,NJlnkUH7gdM
,,543,,,PUFxuHaz7XA
,,543,,,vDgq0LwSGq8
,,543,,,NZy2XJNQA0w
,,543,,,9wN0ndpH2Kk
,,68,,,1bJOHdRaO0s
,,543,,,9EESDtJifrM
,,543,,,BxXmOM-qUWA
,,974,,,If9z2qAY6bE
,,974,,,9bk8UoQfhVk
,,974,,,0BYrPQiX_sA
,,974,,,B_iiPR3do4s
,,974,,,uyWguktMMVg
,,974,,,v0-t7xPFlDc
,,543,,,abpUJN6KF70
,,68,,,wMtcpuFXMf4
,,543,,,qiQgdkM1rGc
,,543,,,FzX80132gbk
,,68,,,U5Z7oA591ec
,,543,,,BcacUkYUu1I
,,543,,,hoFpqKJeHuA
,,543,,,69fJOnMNxVQ
,,543,,,p2GNXjn67VA
,,543,,,7zcfWGWxXDU
,,543,,,Q5dwKH-8cpI
,,543,,,qgqIWo5zIfs
,,543,,,wB6dk3jA834
,,974,,,MjKeAmy_6hA
,,974,,,SoL99HOpLGE
,,974,,,bc0gArP4T78
,,638,,,qoTTg6qlfDw
,,974,,,MWhiN1xfnco
,,182,,,7Du_RCj_lrw
,,182,,,QC0Yr3r-Q94
,,543,,,IIuC2kRG_WQ
,,543,,,KR9CHqmhqYA
,,543,,,iok3sZpjU14
,,543,,,Pe-u4fmO_FA
,,543,,,IT1la9s70Oo
,,543,,,yZoH7Ow_hQY
,,543,,,JvWFwJDIj6k
,,720,,,8hHuXyFQPbU
,,738,,,filCj8aZvjk
,,543,,,9omp6HRvHus
,,974,,,fVSWf7S-Vds
,,543,,,TM2T0n3WvsY
,,543,,,bibX5qEguZg
,,543,,,1pKZqr5kpsk
,,543,,,JmPr3GPbWrU
,,543,,,cuAldvmrY_8
,,720,,,XgIW_rn81Ns
,,182,,,R_jBnxdM0PM
,,543,,,Dlu5HaaVr00
,,543,,,-c_iMh2ktjM
,,543,,,bWy89CpQxLE
,,543,,,wp2EHTa6Iy0
,,543,,,JLVu3PIhb7s
,,974,,,-7OpfGATMc4
,,974,,,w49hVM2T6HE
31711,"3 Conseils de Corentin Bougaran, intervenant à l’ISEG en stratégie de communication d’Influence.",322,ISEG (Ionis Education Group),2019-09-09 13:34:46,ueaW0uGCR14
30027,Projets Innovants - Plant & Water,331,Sup'Biotech (Ionis Education Group),2019-08-29 06:35:45,4E_8R6zZkEU
,,385,,,y2AITS9F_34
,,720,,,cO9sT_zIztc
,,68,,,HNEQbpapQD0
,,543,,,mf9Rwqlxikg
,,543,,,JmjG7u3f2IQ
,,543,,,VGc-FSjTmCQ
,,738,,,oE0Qrwrr1f0
,,543,,,ityOPnqubJ4
,,974,,,Esb1E2vRHo0
,,974,,,Zdex-cEeRbU
,,974,,,_JTT13FXZ80
,,974,,,alG1IUFlQrU
,,974,,,gQxbyGSTnyg
,,182,,,tRcDBVXq84U
,,68,,,V37DbqPLNAc
,,543,,,DnA1FUGxxTk
,,543,,,ciFlOj-6qmc
,,731,,,hQo-yGDfbA8
,,543,,,3hnoJq7fX6A
,,543,,,DBSb2wfEa5Q
,,182,,,_k_oWjqx19M
,,543,,,C52CbADJK7Q
,,543,,,_QhGGC09pck
,,543,,,rImcMuC_XNw
,,543,,,OR8kKzB0ltw
,,731,,,y30tnmyLAnc
,,543,,,LGoUV9BLQmg
,,720,,,RwXCc96w2yQ
,,974,,,3zCyRusEfI8
,,543,,,xbA28vcUo60
,,974,,,Eds5nCPLv3U
,,974,,,8LQGTW7jIVs
,,974,,,3MYt4Am1NuU
,,543,,,X48zRNDcCpY
,,543,,,m0wwk5JsufY
,,543,,,CMpMyREQ7JM
,,543,,,EmAaDFbOLZI
,,543,,,FQZhMTLaRH0
,,731,,,CEnfsVSTKyc
,,731,,,fz2TqT_PIJk
,,182,,,a2rD96PAMrk
,,543,,,flxAqLa3Xoc
,,731,,,1aun0hWkQhQ
,,720,,,3Z8TJyLky7Q
,,974,,,65DJwcWZvyc
,,974,,,N57sHHda7Xo
,,543,,,IKykWclKDsw
,,543,,,TKUDknovAG8
,,543,,,viPDEs2HmYY
,,543,,,xqEn_l_OJKw
,,638,,,mhV8Y-TBbEA
,,543,,,A5pzGV714ck
,,182,,,_pItBJqqMEs
,,543,,,WSdzJeVvV-s
,,543,,,tlfuma8FJH4
,,543,,,DJjRkxrAc8c
,,543,,,osnLwS2t4ak
,,543,,,uVkJcS1BIro
,,731,,,STZc8zm5KW4
,,334,,,eqefgXhJTGw
,,543,,,tgGM1x-niTI
,,543,,,OI0_pmLsAOM
,,543,,,Of3Ay9B6xpA
,,974,,,aNj4hf4Z9uU
,,974,,,zWApUO9GGDo
,,974,,,XMk7-xAVBp8
,,974,,,k3881HAb1Gc
,,974,,,6jYWFYGKQKA
,,974,,,YoeUapF7gcA
,,68,,,aNtFoyWHJWw
,,543,,,K2levtbEJjo
,,543,,,ly3uTx8ArIo
,,543,,,8Y5y65iLzyg
,,543,,,iAFy4O0nLbQ
,,543,,,WVUrFZv5TEk
,,182,,,h37u6twROnY
,,182,,,q_E992zt_EQ
,,636,,,4ar7yqqepgs
,,543,,,9IouzT2qOZA
,,738,,,XQ506zqDRM0
,,543,,,-sMVwfSNij0
,,543,,,qjuc7AWuf8E
,,974,,,AXauOtZdgJY
,,974,,,2qir_sm9cuQ
,,974,,,jgZxgIfIjHM
,,974,,,kLjosSLKhmQ
,,974,,,5PNOE_vvBnQ
,,320,,,bYS1agpRlOQ
,,974,,,DX6vYI7QLZs
,,543,,,bViL1xFbxGE
,,543,,,xh80D7SO_iA
,,182,,,IlA1HZfL_KI
,,543,,,mAcAM2cyYNA
,,543,,,duKoBeHDhiQ
,,543,,,TajEHGGPLZ4
,,543,,,5pw3X_Tkt14
,,543,,,G57usynPKS0
,,543,,,UXL3iIGs5nc
,,974,,,T5lEr4qjwIg
,,974,,,ROmtJhurD3U
,,974,,,DUFKNpyd_p8
,,974,,,LAJh4Etf2kI
,,974,,,MXRuxJ2gMtg
,,720,,,ohkdi_jrO_U
,,720,,,uK7y_iPvErc
,,543,,,xV8snlJJJLg
,,543,,,gzZZ0PtrLFs
,,543,,,p4wmoEd4nPw
,,720,,,tSdJ8-z4WH4
,,182,,,fL5RRVik7NM
,,543,,,YhzLRDcMIMc
,,543,,,cf-zstMukwo
,,543,,,kUopJAOX2Nk
,,543,,,ei5t9s1eFjc
,,543,,,eJGdZiQFzLQ
,,974,,,0a4Joev3eTU
,,974,,,-XSyDnggh3s
,,974,,,tiw2JuwERNk
,,974,,,IFqVo1P_R88
,,974,,,9lg5FfMRfBA
,,182,,,2VgCry6N9UU
,,182,,,KUFhAUDJYgM
,,543,,,Ez90Rhgc8bM
,,543,,,ngWjA9ApT3Q
,,543,,,A0cqb3T8gNw
,,738,,,AmnfsQVlXGE
,,543,,,t1O5Ns3IsPY
,,543,,,ouQ7Qj8owXY
,,543,,,1dJobfnT1yo
,,543,,,b1LfS7voTW0
,,543,,,MVFkC3x6GBI
,,974,,,dk8ORNM8FcI
,,974,,,HBrO04EMl4E
,,861,,,G_iCzl4y8pk
,,720,,,49LfLlVolSU
,,974,,,vBopcC31Zgk
,,153,,,bWzYRV_rG1s
,,543,,,TozlhysPmOs
,,543,,,DckOLZKJdAw
,,543,,,bw9tmAOXujI
,,638,,,qtuclP6GjNY
,,543,,,YZeIPjdeWIM
,,720,,,JhISo6weqQE
,,182,,,vUs5-HHpRpc
,,543,,,CPvYYef1mSw
,,543,,,JBw6LWLdXr4
,,720,,,lXvYHgLi5vE
,,543,,,o7GlP1wb0KM
,,974,,,PklcPM5wdX4
,,974,,,MBLMcYL1wqY
,,543,,,nO_5LXTkdCk
,,543,,,GCqGOPiDRxQ
,,974,,,6SYe2-Dc1o4
,,543,,,2Y-Z7_O8wyE
,,543,,,nWfQ3BxuEIY
,,543,,,8csCZ75n7WU
,,731,,,7_1KuKbLgUw
,,543,,,BqlbbzjsqsA
,,543,,,My_bpMc1LwQ
,,182,,,jBAN7IIR9AU
,,543,,,uMoXYLeC9bk
,,543,,,ppb7G_McEOk
,,738,,,eW4Z11oXtSw
,,543,,,lMKgEBSJTsQ
,,974,,,_4uMNdm7dy4
,,974,,,Q_-Ufxknh1o
,,543,,,CbGjqBZdr68
,,974,,,0lG5AyEfrzs
,,974,,,9SdTw1ckSj4
,,974,,,WCyIbKsXnds
,,974,,,nr0wbdIcjo4
,,182,,,_vXlDToEiio
,,543,,,nuQ9GryhRvw
,,543,,,ABlj0lWBwT8
,,543,,,P7DTt4xesZs
,,543,,,m9NxxxyYqYM
,,543,,,g1zR284wanc
,,68,,,sVV1n3eH6E4
,,543,,,OWJINww91J8
,,543,,,pQAFEeMqfFs
,,543,,,-NDtBGCsxKk
,,974,,,4L3UI0zZCnk
,,543,,,86Q3qXEbfug
,,974,,,l_5oOB1m0v0
,,974,,,9U062IIWRuY
,,974,,,W8p8Myf5luM
,,974,,,ABt2oJVdgUE
,,543,,,ixzjWC0qaT4
,,182,,,tWjipaCRCGw
,,182,,,byi1yAjIAE8
,,543,,,BDT97CJX1pU
,,543,,,x8h3A36K20c
,,543,,,BkiPjMIuM8E
,,543,,,EhLNiK2vgg0
,,543,,,7aE67wUQsBE
,,543,,,VRiAO9utLug
,,543,,,H5BXx2mwFXw
,,543,,,YdQKJ6GTvkw
,,543,,,HqH3HmKeSGM
,,543,,,usjGxBRbNxs
,,974,,,fDELMX7NQEM
,,974,,,8B4AouTQjI8
,,974,,,QEBL5dzmPJ4
,,182,,,4ic-6-OsI94
,,543,,,s8FYpENscSY
,,543,,,70mchvSP3yE
,,731,,,eLaELulIQF4
,,543,,,dilSa5LWJVU
,,543,,,15XzDxcYyFQ
,,543,,,5hDNdJhSCno
,,543,,,GLr5aQGmuw0
,,543,,,Dsl-4JwhRlc
,,731,,,i6xnOEmUGaA
,,543,,,ihyoObLUB6k
,,974,,,0MvDLzvYm78
,,974,,,lBGauKs6KMw
,,974,,,6A5XC7nL0e0
,,974,,,XV2lXlMK5Fo
,,68,,,NY47QArfEAw
,,543,,,WGRHEb9P3pg
,,543,,,cW5m4NZOIGg
,,543,,,QJWWn-lXdU8
,,543,,,YuTUvWIR8ek
,,543,,,TxVgSlAUJdw
,,68,,,-upyOVShLl0
,,543,,,bv0km6ouOHM
,,974,,,3qG8Fxl_Mac
,,974,,,yDGu5_UZRvY
,,974,,,brO1a-H3RXw
,,974,,,Rll5crVGd6E
,,974,,,bdvSorU3xP0
,,182,,,MDjulHU5n3Q
,,543,,,ZhsCGXkqIyk
,,543,,,RQACuIqzzcA
,,543,,,Ow3FV1AMg1c
,,543,,,ULIsQ2IycUQ
,,543,,,EPCQxrwVkLg
,,543,,,fPbd5rWq95E
,,543,,,WvnMF0Qm_SQ
,,543,,,RfFG7cSbHYc
,,974,,,1h_LqmdY-UI
,,543,,,kUbUySXJS4I
,,974,,,-Dwp9124Olg
,,974,,,pQNADwOKbIs
,,974,,,sNXuI7qhB-U
,,68,,,LysYAX6dGO4
,,182,,,zfyttMp5xAM
,,543,,,ZV-7d19QyIc
,,543,,,_fRqfphfqrA
,,543,,,QEHYttqDgCM
,,543,,,T21UuqlDqJ0
,,543,,,pwmbPcOkm1s
,,543,,,3U5fTKuUNuA
,,182,,,vymSoyoK2Vo
,,543,,,LHWMZeyKrFA
,,543,,,Gl5kVca1nFA
,,543,,,Hb2zAtDtUl8
,,974,,,TBnBneeS6S0
,,974,,,VKTB5jPMM9k
,,543,,,9iKoMD1nk7A
,,543,,,Wv48LoD7NfE
,,543,,,2OORXS1EtJw
,,543,,,_LLatVbj20U
,,543,,,69tM4TDs_DA
,,543,,,73sxEeJuhH8
,,543,,,GUi0Q-PC-4E
,,543,,,ONS-sxGRO2o
,,543,,,00gnTN83yps
,,543,,,BDRj7aLjacc
,,543,,,B5JRtL3VDsw
,,720,,,8X7Z4bw_U34
,,974,,,t9uDii-fG8g
,,68,,,G5QenOMDuj4
,,543,,,D3FXBk4b_FM
,,543,,,UejqDqgZwqw
,,638,,,f2JFqexhuYo
,,543,,,RAhVPKFDPzc
,,182,,,oeKOS2ibNWs
,,543,,,uWgQcj-dycY
,,543,,,-yO_oId6Bx4
,,543,,,9WdSr4hjxpw
,,543,,,RfI3rxi7L0o
,,974,,,76F2ddbom5o
,,543,,,F262gS2_TnE
,,974,,,PrOw3a8FLBE
,,974,,,aMiidgN7M7w
,,638,,,HZTO0zBcR8E
,,543,,,Gnt0pRavs74
,,543,,,5KROKqoltXM
,,974,,,sDXGRzX63bw
,,182,,,yfq3r9mJHnI
,,543,,,OGlZULqXzxM
,,543,,,VjjydM6JjLg
,,720,,,MFaY1gft4dc
,,638,,,R5H9jkLpSTY
,,543,,,TyUZU9yRMZw
,,720,,,iRpJk6qxq1M
,,68,,,XnaYJKQZZ-E
,,543,,,7ch59cxet0Q
,,543,,,4CRdqD5JEeo
,,543,,,GWNFqOJpq3U
,,543,,,NS1ggSQpVZY
,,543,,,cg1aD5TPIow
,,974,,,geBj-CZjin0
,,974,,,XmQJ1PF_Wig
,,861,,,fqZH5FJQQxs
,,974,,,I7X3rSsIuHw
,,974,,,oGz5N4xbNTk
,,543,,,Y0bEc3Kh4Nc
,,543,,,oT0_0t5EWSE
,,543,,,k_Fc_qfHgJQ
,,638,,,tHcLSxZMUKI
,,182,,,0R_zAS8zMVg
,,543,,,HLzlEaDIC54
,,543,,,AzbJJ49TjkU
,,543,,,HQD6Pw0KZUU
,,543,,,YljFtx3ZKYA
,,543,,,tgsy-td_68Q
,,974,,,jgjU8U63NDQ
,,974,,,HI-4Z-JHZCA
,,974,,,p7Pkxg3p4hI
,,720,,,Mz-Iw5JzdDQ
,,974,,,NgR6EDtEtYU
,,543,,,TbZGhOIbp9s
,,543,,,uLN03hhB3lo
,,543,,,-15ucz_WIpA
,,543,,,GuCa_98W3qE
,,543,,,7Ucfn_5GGNg
,,543,,,2UBQSx5r8qk
,,638,,,D4H2le5Y1JU
,,68,,,BvdTo4VEs74
,,543,,,_XJqdIS5vNY
,,543,,,2yUxzZtmmyY
,,974,,,5z2Bd27WSME
,,974,,,z-u8FVAcKOM
,,974,,,r6RHpls0w0k
,,974,,,tK6URpyX8Jc
,,974,,,dI4IwtV-7EI
,,974,,,ozgJfQMPyoM
,,182,,,rbwMOtRWIC8
,,68,,,8RbSvQM9mo4
,,543,,,ZwxlrQbJIzw
,,68,,,o1MouctGMiw
,,543,,,rwrvPkuYV9M
,,543,,,L7K38E8IK40
,,974,,,oN7oc7tsbxE
,,974,,,G6VgFdXM71c
,,974,,,6qyEKwGJKV0
,,543,,,WKEao1kBlMs
,,543,,,rPZL3gbqutQ
,,182,,,YFCpvobTWC4
,,543,,,AlvvB6i04Fw
,,543,,,ejR5-VuZ428
,,543,,,QpS-xKgRA28
,,543,,,vy5COgNGuXw
,,543,,,pWf9Txl2CnA
,,720,,,8PlrZ-unFi4
,,974,,,sl3zJh4bJqE
,,974,,,PjQY7mzEFT0
,,974,,,LtxD_8w8-O0
,,974,,,9ca6jzBQg9w
,,543,,,fzLtJN4VyqQ
,,543,,,UVtKTzNui8o
,,182,,,9yIiqE9xywk
,,543,,,YxJ8QwaJYoA
,,543,,,xSoJcRPMaX0
,,543,,,igRjxrKbwTk
,,974,,,1_nVDXRdgqw
,,861,,,LwNaKwaF0QQ
,,543,,,ZyIFSi2PE-U
,,543,,,LdSghJy6dmo
,,543,,,ztGEZldcX-o
,,638,,,7wPLF8ej7kk
,,543,,,jnrBh1X28VY
,,731,,,FuOooeb8O0o
,,638,,,ZEBajKIDFTY
,,543,,,TwZwPPJueto
,,974,,,T1x3e8RKXYk
,,720,,,bjHefDAmRK8
,,543,,,uW3SU3ZvJjU
,,974,,,FGNWI1U8DEM
,,974,,,l_s_O4qwOvs
,,974,,,RfOQgbC9KB0
,,974,,,3yE8MNyj_9I
